userid,movieid,rating
2440,silver+linings+playbook+2012,5
40821,the+chronicles+of+narnia+the+lion_+the+witch+and+the+wardrobe+2005,2
312163,lenfer+1994,3
125466,indiana+jones+and+the+last+crusade+1989,3
1954,burning+bright+2012,3
41310,roadracers+1994,4
313609,forrest+gump+1994,4
285476,the+return+of+jafar+1994,3
117030,sushi+girl+2012,4
284505,the+best+offer+2013,4
67538,eva+1962,3
187282,demoted+2011,4
239222,red+sonja+1985,3
309696,harry+potter+and+the+chamber+of+secrets+2002,3
331311,evangelion+1.0+you+are+not+alone+2007,5
85803,king+kong+2005,4
196016,raiders+of+the+lost+ark+1981,4
285722,bread+and+tulips+2000,4
64484,inglourious+basterds+2009,4
52027,the+sisterhood+of+the+traveling+pants+2005,3
167003,fantastic+4+rise+of+the+silver+surfer+2007,3
47214,le+crabe-tambour+1977,4
104149,insurgent+2015,3
204882,the+incredible+hulk+2008,4
247799,the+razors+edge+1946,4
41777,terminator+2+judgment+day+1991,4
254946,return+to+house+on+haunted+hill+2007,3
117298,the+keeper+2004,4
83532,teenage+mutant+ninja+turtles+2014,4
43645,se7en+1995,4
257780,terminator+salvation+2009,3
213689,love+in+the+afternoon+1957,4
183110,how+to+train+your+dragon+2+2014,5
40534,beetlejuice+1988,3
319155,the+house+on+92nd+street+1945,3
224735,eat+2011,3
336737,temple+grandin+2010,5
342466,constantine+2005,4
189736,goodfellas+1990,4
176227,nine+queens+2000,4
287862,swingers+1996,3
191973,saving+private+ryan+1998,4
94872,carmina+and+amen+2014,4
41240,interstate+60+2002,3
346840,the+cabinet+of+dr.+ramirez+1991,3
92809,blade+runner+1982,4
77702,the+good_+the+bad+and+the+ugly+1966,3
236076,the+valet+2006,4
341306,grease+1978,3
87817,the+river+wild+1994,3
142013,intacto+2001,3
346022,the+way+of+the+dragon+1972,4
116342,it+happened+one+night+1934,4
70902,inside+the+x-files+1998,3
109100,winters+tale+2014,3
42338,theatre+of+blood+1973,4
20005,micki++maude+1984,4
297718,harry+potter+and+the+deathly+hallows+part+2+2011,4
78114,wild+geese+ii+1985,4
333675,bleak+moments+1971,4
259529,theres+something+wrong+with+aunt+diane+2011,4
323924,boys+dont+cry+1999,4
65347,stonehearst+asylum+2014,3
183607,finding+nemo+2003,5
227078,flannel+pajamas+2006,4
330835,up+the+river+1930,5
89156,nightcrawler+2014,4
4482,mayor+of+the+sunset+strip+2003,3
173003,johnnyexpress+2014,4
23688,wristcutters+a+love+story+2006,3
310345,night+on+earth+1991,4
42176,very+important+person+1961,4
326811,harry+potter+and+the+order+of+the+phoenix+2007,3
294166,childrens+island+1980,4
331464,ball+of+fire+1941,4
341253,the+armstrong+lie+2013,3
167506,lady+terminator+1989,4
211878,monty+python+and+the+holy+grail+1975,4
211820,the+great+debaters+2007,4
136909,the+hobbit+an+unexpected+journey+2012,3
316958,chicagogirl+2013,4
109952,the+librarian+the+curse+of+the+judas+chalice+2008,4
198838,murder+on+the+orient+express+1974,5
75030,pelle+the+conqueror+1987,4
162729,the+fifth+element+1997,4
19032,hunger+2008,4
195463,the+glass+shield+1994,3
299876,finding+nemo+2003,4
343255,the+grapes+of+wrath+1940,4
146402,twentieth+century+1934,4
31247,how+to+train+your+dragon+2010,4
322724,a+grandpa+for+christmas+2007,4
70530,the+shawshank+redemption+1994,5
67096,x-men+days+of+future+past+2014,4
156506,my+name+is+joe+1998,3
287616,jiro+dreams+of+sushi+2011,4
49002,gattaca+1997,4
306535,salut+cousin++1996,3
43324,shrek+2001,3
322679,harry+potter+and+the+deathly+hallows+part+2+2011,4
182992,the+third+man+1949,5
10864,brother+minister+the+assassination+of+malcolm+x+1995,4
241834,cleopatra+2003,3
193516,inception+2010,4
32074,the+amazing+spider-man+2+2014,4
45588,new+york_+new+york+1977,3
204441,e.t.+the+extra-terrestrial+1982,4
154054,the+wolf+of+wall+street+2013,4
37735,my+boy+jack+2007,4
129807,bruce+almighty+2003,3
174658,tiresia+2003,3
165061,dr.+no+1962,4
271730,kikujiro+1999,3
164670,stargate+the+ark+of+truth+2008,4
97271,watchmen+2009,4
168668,ice+age+the+meltdown+2006,4
326711,sita+sings+the+blues+2008,4
73981,aladdin+1992,3
267326,damien+omen+ii+1978,3
166232,melody+time+1948,3
268649,bringing+up+baby+1938,4
70916,bukowski+-+born+into+this+2003,3
87087,goodfellas+1990,4
325359,starred+up+2013,3
314090,captains+of+april+2000,3
310948,even+dwarfs+started+small+1970,3
11272,dolans+cadillac+2009,4
7207,pulp+fiction+1994,5
268295,the+ballad+of+narayama+1983,4
130538,animal+farm+1954,3
85198,snow+white+and+the+seven+dwarfs+1937,4
3310,derailed+2005,4
148592,day+of+wrath+1943,4
202692,before+sunrise+1995,4
41620,the+decoy+bride+2011,5
91149,the+diving+bell+and+the+butterfly+2007,3
2164,the+grand+maneuver+1955,3
220670,hannah+and+her+sisters+1986,4
42132,shutter+island+2010,4
194647,from+russia+with+love+1963,4
329712,the+five+obstructions+2003,4
301395,emma+1996,3
61686,purple+rain+1984,3
23424,20+seconds+of+joy+2012,4
200168,howls+moving+castle+2004,4
64715,a+case+of+you+2013,1
165548,come_+sweet+death+2000,4
155156,my+neighbor+totoro+1988,4
279068,se7en+1995,4
185866,jfk+1991,4
205797,hunger+2008,5
147163,my+boyfriends+back+1993,1
39763,the+avengers+2012,3
187102,lola+1961,4
112526,persona+non+grata+2005,3
102111,the+old+dark+house+1932,4
316633,the+shawshank+redemption+1994,4
191897,cyborg+she+2008,3
81577,dragon+ball+z+bio-broly+1994,3
310046,inception+2010,4
185966,bill+cunningham+new+york+2010,5
216116,blood+and+wine+1996,4
336465,we+stand+alone+together+2001,3
72364,willy+wonka++the+chocolate+factory+1971,4
172623,the+wiz+1978,2
96087,appointment+in+tokyo+1945,4
336936,my+neighbor+totoro+1988,4
336670,insidious+chapter+2+2013,4
210685,toy+story+3+2010,3
202250,wild+target+2010,4
329853,side+effects+2013,3
186093,evangelion+2.0+you+can+not+advance+2009,4
47375,killer+condom+1996,3
310461,new+world+2013,3
239123,hook+1991,3
78904,the+sensation+of+sight+2006,4
260168,the+sheriff+and+the+satellite+kid+1979,3
327767,big+girls+dont+cry+2002,4
145258,bobs+birthday+1994,4
123824,about+time+2013,4
332289,floating+1999,3
202622,inside+job+2010,4
123553,unfaithful+2002,4
126972,first+blood+1982,4
206001,untamed+youth+1957,3
193608,breaking+the+surface+the+greg+louganis+story+1997,4
262211,room+in+rome+2010,3
220943,the+message+1977,4
11051,the+boogens+1981,3
14259,interstellar+2014,4
201270,despicable+me+2010,4
197799,even+the+rain+2010,3
297362,iron+man+2008,4
79328,tin+man+2007,2
32967,neo+ned+2005,4
78834,oasis+2002,4
350686,batman+under+the+red+hood+2010,4
118042,tyrannosaur+2011,5
75694,interiors+1978,2
44303,princess+mononoke+1997,4
103212,fate+of+a+man+1959,4
167157,a+time+of+roses+1969,4
33039,blind+justice+1916,5
43458,360+2012,4
152075,movie+movie+1978,4
127218,the+conspiracy+2012,4
63621,must+have+been+love+2012,3
193378,this+special+friendship+1964,4
218286,precious+2009,2
611,the+boy+in+the+striped+pyjamas+2008,4
257539,the+man+in+the+moon+1991,4
32953,big+girls+dont+cry+2002,3
248037,the+hunger+games+mockingjay+-+part+1+2014,3
320178,interstellar+2014,3
71784,lady+and+the+tramp+1955,4
88167,forrest+gump+1994,4
234794,the+lion+king+1994,5
197773,airplane+1980,5
301910,the+wolf+of+wall+street+2013,3
201106,sixteen+candles+1984,3
303457,toy+story+1995,5
56563,the+lord+of+the+rings+the+two+towers+2002,3
309657,2001+a+space+odyssey+1968,3
113534,despicable+me+2010,4
336527,waydowntown+2000,3
330173,face+1997,2
282599,up+2009,5
326836,house+on+the+edge+of+the+park+1980,4
11680,onibaba+1964,4
299612,elena+undone+2010,4
32883,thriller+a+cruel+picture+1973,3
319355,thor+2011,3
331853,helter+skelter+1976,4
247894,glorious+technicolor+1998,4
312767,a+womans+face+1938,4
139231,the+miracle+worker+1962,4
338410,reincarnated+2012,4
17181,miracles+1986,4
345784,mortuary+2005,4
37797,castle+in+the+sky+1986,3
211199,children+who+chase+lost+voices+2011,5
298707,jindabyne+2006,3
233739,pulp+fiction+1994,4
269015,inception+2010,5
57640,cyrano+de+bergerac+1990,4
34885,the+zone+2007,3
35080,charade+1963,4
187585,the+last+temptation+of+christ+1988,4
118899,the+lion+king+1+2004,4
26429,big+hero+6+2014,4
311341,ice+age+continental+drift+2012,4
330360,finding+nemo+2003,5
93845,indiana+jones+and+the+temple+of+doom+1984,3
111300,shutter+island+2010,5
190447,the+dark+knight+2008,5
332737,princess+mononoke+1997,5
223068,embrace+of+the+vampire+1995,4
12598,raiders+of+the+lost+ark+1981,5
291668,one+flew+over+the+cuckoos+nest+1975,5
270702,the+lion+king+1+2004,4
338262,priest+2011,4
183869,belphegor_+phantom+of+the+louvre+2001,3
278202,the+gods+must+be+crazy+1980,4
72598,dil+chahta+hai+2001,4
177612,terminator+2+judgment+day+1991,4
176543,a+tale+of+springtime+1990,3
51387,the+thrushes+are+still+singing+1979,3
82998,burning+bright+2012,3
262062,the+door+in+the+floor+2004,4
1261,thx+1138+1971,3
307041,princess+mononoke+1997,4
64469,taboo+2002,4
216095,chicken+little+2005,3
99069,start+the+revolution+without+me+1970,5
100640,philomena+2013,3
268158,monty+python+and+the+holy+grail+1975,4
352763,fight+club+1999,5
191222,i+see+a+dark+stranger+1946,4
254404,harry+potter+and+the+philosophers+stone+2001,5
326472,shark+in+venice+2008,3
273254,quai+des+orfvres+1947,4
29983,the+woodsman+2004,3
238068,antitrust+2001,3
265616,se7en+1995,5
240449,alien+1979,4
249079,forbidden+kingdom+2014,3
256616,why+worry+1923,3
296896,django+strikes+again+1987,4
237753,kingsman+the+secret+service+2015,4
103418,ex-lady+1933,3
308079,from+dusk+till+dawn+1996,4
130226,inglourious+basterds+2009,4
116388,being+john+malkovich+1999,3
212412,sal_+or+the+120+days+of+sodom+1975,3
52404,enough+said+2013,4
37598,turn+me+on_+dammit+2011,4
163541,charlie+and+the+chocolate+factory+2005,3
144966,whiplash+2014,4
201765,the+rutles+all+you+need+is+cash+1978,3
92956,raiders+of+the+lost+ark+1981,5
297944,mouchette+1967,3
232211,z+channel+a+magnificent+obsession+2004,3
229051,walle+2008,4
154743,adams+apples+2005,3
62402,whisper+of+the+heart+1995,3
265912,25th+hour+2002,3
129804,interstellar+2014,4
270539,lemming+2005,3
3620,last+night+2010,4
218433,indiana+jones+and+the+temple+of+doom+1984,4
276592,gunnin+for+that+1+spot+2008,4
325168,far+from+heaven+2002,3
235388,the+suspect+1944,5
198103,city+of+ember+2008,3
89395,god+on+trial+2008,3
211900,men+in+black+1997,3
204846,star+wars+episode+iii+-+revenge+of+the+sith+2005,5
301592,gantz+2011,4
127774,under+the+flag+of+the+rising+sun+1972,4
330612,elysium+2013,3
126607,the+texas+chain+saw+massacre+1974,3
81275,wittgenstein+1993,2
161044,delirium+2014,5
34448,who+killed+vincent+chin+1987,4
115569,story+of+a+prostitute+1965,4
319981,a+tale+of+two+sisters+2003,3
161042,gravehopping+2005,2
66861,the+big+lebowski+1998,4
270815,a+sense+of+history+1992,2
129938,judgment+night+1993,3
121004,hondo+1953,4
172314,the+dogs+of+war+1980,4
213396,conquest+1453+2012,3
202845,from+dusk+till+dawn+1996,3
164680,mon+oncle+1958,4
144757,the+sword+in+the+stone+1963,4
279895,the+american+friend+1977,3
309537,ice+age+2002,4
284012,vertigo+1958,3
134146,star+wars+1977,5
37029,jezebel+1938,4
180219,spider-man+2002,4
124229,ikiru+1952,5
312479,tell+me+something+1999,4
23228,equinox+flower+1958,4
49929,terminator+2+judgment+day+1991,4
200987,spider-man+2002,4
202618,she+and+her+cat+their+standing+points+1999,4
93909,fortress+of+war+2010,5
343906,interstellar+2014,4
340453,let+the+right+one+in+2008,5
217467,the+gift+of+love+1978,3
341344,wit+2001,4
155958,reservoir+dogs+1992,5
131445,ronin+1998,4
120385,eternal+sunshine+of+the+spotless+mind+2004,4
283959,the+boy+in+the+striped+pyjamas+2008,4
347811,dances+with+wolves+1990,5
9914,shriek+of+the+mutilated+1974,3
112309,walle+2008,4
336095,mccabe++mrs.+miller+1971,5
310050,the+shawshank+redemption+1994,5
232964,the+lego+movie+2014,3
79364,toy+story+1995,4
277660,from+here+to+eternity+1953,4
339513,the+young+one+1960,4
296087,children+shouldnt+play+with+dead+things+1973,3
186258,kwik+stop+2001,5
109087,dragon+ball+z+return+of+cooler+1992,4
90735,daddy+longlegs+2009,3
120729,dark+star+1974,4
228017,the+woman+on+pier+13+1949,3
53467,what+is+to+be+done+1970,3
119453,leon+the+professional+1994,4
200967,terminal+usa+1993,4
210719,the+long+gray+line+1955,4
132796,charlie+and+the+chocolate+factory+2005,4
55735,ratatouille+2007,4
226796,decasia+2002,2
339530,used+cars+1980,3
282039,unforgiven+1992,4
27557,the+desert+of+the+tartars+1976,4
304843,sissi+the+young+empress+1956,3
162774,lifeboat+1944,4
153795,the+old+lady+and+the+pigeons+1997,5
212941,diabolique+1955,4
128365,an+evening+with+kevin+smith+2+evening+harder+2006,4
275826,peter+ibbetson+1935,3
26865,the+great+debaters+2007,4
207546,mickey+2004,3
48245,mayor+of+the+sunset+strip+2003,4
203985,spirited+away+2001,4
157843,ball+of+fire+1941,4
283849,the+long+weekend+2005,4
297663,why+we+fight+divide+and+conquer+1943,3
151894,make+way+for+tomorrow+1937,4
212084,the+life+and+death+of+colonel+blimp+1943,4
293629,brief+encounter+1945,4
144653,frozen+2013,3
59497,love+is+strange+2014,3
99885,strangers+on+a+train+1951,3
287841,the+good_+the+bad+and+the+ugly+1966,5
62993,the+strange+love+of+martha+ivers+1946,3
1273,harry+potter+and+the+deathly+hallows+part+2+2011,4
142660,the+gay+divorcee+1934,4
295001,blow+out+1981,3
136466,jack+reacher+2012,3
261459,redline+2009,4
240487,indiana+jones+and+the+last+crusade+1989,5
17667,avatar+2009,5
107675,bullhead+2011,4
132583,garden+state+2004,4
42707,interview+2007,3
217154,three+and+out+2008,4
75645,dawn+of+the+planet+of+the+apes+2014,4
262588,night+passage+1957,3
65339,gone+baby+gone+2007,3
324625,along+the+great+divide+1951,3
193818,genevieve+1953,3
158254,odd+man+out+1947,4
248413,altered+2006,3
208645,pirates+of+the+caribbean+dead+mans+chest+2006,4
51799,to+mars+by+a-bomb+the+secret+history+of+project+orion+2003,3
41516,poltergeist+1982,4
74171,neverland+2011,4
269967,monty+python+and+the+holy+grail+1975,5
67456,saint+laurent+2014,3
238204,big+hero+6+2014,4
89377,karla+2006,2
307010,shakespeare+in+love+1998,5
115429,the+apostle+1997,4
280111,the+ascent+1977,3
97077,indiana+jones+and+the+last+crusade+1989,4
84602,indiana+jones+and+the+last+crusade+1989,2
231997,the+great+debaters+2007,3
325185,itinerary+of+a+spoiled+child+1988,4
105332,the+runner+1984,3
197135,hilton+2013,3
153798,geronimo+an+american+legend+1993,3
544,forever+strong+2008,3
237741,eye+for+an+eye+1996,4
340040,patch+adams+1998,3
184701,vacuuming+completely+nude+in+paradise+2001,4
244433,she+wore+a+yellow+ribbon+1949,4
27480,rain+1932,3
52665,veronica+guerin+2003,4
42178,night+and+the+city+1950,5
4723,the+wooden+bridge+2012,3
228027,nicholas+nickleby+2002,4
103547,metallica+a+year+and+a+half+in+the+life+of...+1992,4
338732,all+that+i+love+2009,3
10279,the+good_+the+bad+and+the+ugly+1966,4
275252,blood+2012,3
186928,e.t.+the+extra-terrestrial+1982,5
79944,dont+tempt+me+2001,4
162711,the+terminator+1984,5
110913,opera+australia+the+pirates+of+penzance+2006,3
229296,ghostbusters+1984,3
26533,cabin+in+the+sky+1943,3
351239,the+world+before+her+2012,4
309284,contempt+1963,5
25120,the+decline+of+western+civilization+part+ii+the+metal+years+1988,5
245979,spirited+away+2001,4
148976,harry+potter+and+the+half-blood+prince+2009,4
249251,harry+potter+and+the+deathly+hallows+part+2+2011,5
128647,wreck-it+ralph+2012,3
331102,the+wait+2013,4
121921,dumbo+1941,3
12973,blind+beast+1969,4
31575,the+godfather+1972,4
159207,night+of+the+demons+1988,3
298934,dances+with+wolves+1990,3
139802,pathfinder+2007,2
51954,zebra+lounge+2001,3
80830,madison+avenue+1962,3
228312,new+york+a+documentary+film+1999,4
276992,big+business+1988,3
147454,rocky+1976,4
163972,daylight+2013,4
116217,harry+potter+and+the+order+of+the+phoenix+2007,5
135319,harold+and+maude+1971,4
62343,star+wars+episode+iii+-+revenge+of+the+sith+2005,4
176723,reckless+1995,4
74714,aka+2002,3
263425,abba+-+the+movie+1977,3
155795,project+nim+2011,4
90751,raining+stones+1993,5
44270,frozen+2013,3
144188,from+russia+with+love+1963,4
197905,terminator+2+judgment+day+1991,4
183580,the+assault+2010,3
177554,the+wonderful+world+of+the+brothers+grimm+1962,3
178929,bent+1997,3
313059,love+crazy+1941,2
22655,terminator+2+judgment+day+1991,3
95432,the+lost+weekend+1945,4
127915,fantastic+4+rise+of+the+silver+surfer+2007,3
123286,eden+2012,5
82114,se7en+1995,3
98694,the+lord+of+the+rings+the+fellowship+of+the+ring+2001,4
18450,the+lord+of+the+rings+the+fellowship+of+the+ring+2001,4
153835,the+gods+must+be+crazy+1980,4
71456,lady+and+the+tramp+ii+scamps+adventure+2001,3
330680,roberta+1935,4
34423,offender+2012,3
60221,the+jewel+of+the+nile+1985,4
245272,10+things+i+hate+about+you+1999,4
349365,jimi+all+is+by+my+side+2013,3
47521,reservoir+dogs+1992,4
262207,erkan++stefan+2+2002,3
12012,topaze+1951,3
8735,they+wait+2007,3
342361,the+dark+knight+2008,4
193184,green+dragon+2001,3
223428,clo+from+5+to+7+1962,4
94220,kundun+1997,4
161904,casino+1995,4
322331,goodfellas+1990,5
61871,ella+lola_+a+la+trilby+1898,3
42812,spirited+away+2001,4
328298,stealing+time+2001,3
196312,tony+2010,3
12716,z+1969,3
34346,executioners+from+shaolin+1977,4
148686,harry+potter+and+the+deathly+hallows+part+2+2011,4
288397,harry+brown+2009,3
108193,the+green+mile+1999,3
318287,the+counterfeit+traitor+1962,3
310614,sprung+1997,1
225073,the+heart+of+the+world+2000,3
297031,the+lord+of+the+rings+the+return+of+the+king+2003,5
263033,kronks+new+groove+2005,1
55607,the+greatest+movie+ever+sold+2011,3
302125,edward_+my+son+1949,4
129064,hot+shots+1991,3
275557,big+hero+6+2014,4
170052,howls+moving+castle+2004,4
182139,peter+pan+1953,3
176919,insomnia+1997,3
99718,avatar+2009,3
34748,the+winning+team+1952,4
39173,forrest+gump+1994,3
207181,chaos+theory+2008,4
133291,one+flew+over+the+cuckoos+nest+1975,4
12538,monsieur+vincent+1947,4
122002,transfer+2010,3
123813,the+great+debaters+2007,3
45974,the+zone+2007,4
343415,a+cock+and+bull+story+2005,3
72920,how+to+train+your+dragon+2010,4
103034,2001+a+space+odyssey+1968,5
241712,big+deal+on+madonna+street+1958,4
157848,the+ballad+of+johnny+guitar+1996,4
292601,dial+m+for+murder+1954,3
342015,pirates+of+the+caribbean+the+curse+of+the+black+pearl+2003,4
9432,secret+sunshine+2007,3
179296,two+friends+2002,4
297248,the+three+faces+of+eve+1957,4
217177,the+opposite+of+sex+1998,4
195350,the+farmers+daughter+1947,4
347143,dan+in+real+life+2007,3
156760,despicable+me+2+2013,4
21698,coraline+2009,4
120748,seven+samurai+1954,3
91882,apollo+13+1995,3
79894,raising+cain+1992,3
84550,mrs.+miniver+1942,5
177724,alamo+bay+1985,5
222515,little+manhattan+2005,4
52201,bullet+ballet+1998,4
309565,murder+by+decree+1979,3
76432,sound+and+fury+2000,4
328005,tigrero+a+film+that+was+never+made+1994,3
264624,spirited+away+2001,3
218573,make+your+move+2013,4
5040,edge+of+darkness+1943,2
268560,sing+your+song+2012,4
284226,the+guns+of+navarone+1961,4
180648,princess+mononoke+1997,5
309243,dear+zachary+a+letter+to+a+son+about+his+father+2008,5
61107,ghostbusters+1984,3
220956,the+desert+fox+the+story+of+rommel+1951,3
134449,monty+python+and+the+holy+grail+1975,4
146005,the+lord+of+the+rings+the+fellowship+of+the+ring+2001,4
61292,howls+moving+castle+2004,5
55743,star+wars+episode+i+-+the+phantom+menace+1999,4
208146,teen+wolf+1985,2
292947,chak+de+india+2007,4
120279,where+do+we+go+now+2011,4
178141,hard+eight+1996,4
199302,the+fifth+element+1997,4
143986,the+mechanic+1972,4
316606,baby+doll+1956,3
179449,ice+age+dawn+of+the+dinosaurs+2009,4
343224,vegtigris+2001,4
17342,kill+bill+vol.+1+2003,4
16099,iron+man+2008,4
214406,the+last+metro+1980,4
14112,inglourious+basterds+2009,4
182963,meshes+of+the+afternoon+1943,5
156909,perils+of+the+sentimental+swordsman+1982,3
124927,harry+potter+and+the+prisoner+of+azkaban+2004,4
49323,yesterday+was+a+lie+2008,3
187473,interstellar+2014,4
312960,the+killer+inside+me+2010,4
187223,belle+poque+1992,4
91753,wreck-it+ralph+2012,4
48663,cashback+2006,4
221255,leon+the+professional+1994,4
57947,an+american+in+paris+1951,3
157954,an+affair+of+the+heart+2012,3
240747,the+peach+thief+1964,3
302409,dorian+gray+2009,4
293838,despicable+me+2+2013,4
60901,treasure+island+1990,4
293297,sixteen+candles+1984,4
157218,harry+potter+and+the+goblet+of+fire+2005,4
205614,missing+1982,5
40987,timer+2009,4
332883,penguins+of+madagascar+2014,3
254438,color+of+night+1994,2
111206,calvary+2014,5
287515,the+hit+1984,4
101453,enough+said+2013,4
336302,the+lusty+men+1952,5
134012,zero+for+conduct+1933,3
72013,goodfellas+1990,4
191795,the+butterfly+effect+2004,4
263920,the+kid+1921,4
255153,walle+2008,4
300872,manon+of+the+spring+1986,4
187595,yesterday_+today+and+tomorrow+1963,3
292130,the+night+they+raided+minskys+1968,4
188615,valentino+the+last+emperor+2009,4
159718,the+lord+of+the+rings+the+two+towers+2002,5
296190,harry+potter+and+the+prisoner+of+azkaban+2004,4
16067,the+hobbit+the+desolation+of+smaug+2013,3
81954,when+we+were+kings+1996,4
214927,the+shining+1980,4
116983,the+immature+2011,4
224541,cartoon+all-stars+to+the+rescue+1990,3
320684,indiana+jones+and+the+temple+of+doom+1984,4
23224,ballet+shoes+2008,4
317508,harry+potter+and+the+deathly+hallows+part+1+2010,4
337121,scooby-doo+abracadabra-doo+2010,2
14319,paul+2011,3
78058,ice+age+the+meltdown+2006,5
175062,pilgrimage+1933,2
219733,the+fifth+element+1997,4
4127,demon+wind+1990,2
242054,presentation_+or+charlotte+and+her+steak+1960,4
120336,philanthropy+2002,4
83086,the+feminine+touch+1941,4
250234,the+lord+of+the+rings+the+two+towers+2002,3
319587,dawn+breaks_+which+is+no+small+thing+1989,3
180990,woyzeck+1994,4
215973,taking+woodstock+2009,4
217818,the+enemy+below+1957,4
110498,shaolin+soccer+2001,4
191648,make+the+yuletide+gay+2009,5
70365,iron+man+2008,4
69698,the+lord+of+the+rings+the+return+of+the+king+2003,4
309125,everyone+else+2009,3
19654,x-men+days+of+future+past+2014,4
196455,les+tuche+2011,5
130036,the+day+the+earth+stood+still+1951,4
300111,harry+potter+and+the+deathly+hallows+part+2+2011,4
131822,xxy+2007,4
113485,ong-bak+the+thai+warrior+2003,4
257981,one+flew+over+the+cuckoos+nest+1975,4
12232,omar+2013,3
127646,lets+kill+wards+wife+2014,5
101646,speed++angels+2008,3
299913,i+sell+the+dead+2008,3
296012,chizukos+younger+sister+1991,4
275691,thunderbolt+1995,4
139983,safety+not+guaranteed+2012,3
188958,slacker+2011+2011,4
248121,robots+2005,4
254150,pocketful+of+miracles+1961,4
220142,chungking+express+1994,3
349795,hachi+a+dogs+tale+2009,5
194500,aftermath+1994,3
293447,alice+in+wonderland+2010,3
264315,big+hero+6+2014,3
184541,alien+1979,4
232507,joy+ride+2001,3
68765,tinker+tailor+soldier+spy+2011,4
48881,the+usual+suspects+1995,4
199758,american+horror+house+2012,4
35153,little+buddha+1993,3
154180,le+havre+2011,4
132373,whoopee+1930,5
277026,bangkok+dangerous+1999,4
43849,lord+of+the+flies+1990,4
132045,man+of+the+century+1999,3
310702,hatari+1962,3
184697,gasland+2010,3
351568,totally+fucked+up+1993,4
331375,toy+story+1995,3
61134,the+untouchables+1987,4
110068,prisoners+2013,4
235268,the+flower+with+petals+of+steel+1973,5
35599,coffin+rock+2009,3
176082,hitch+2005,3
295872,into+the+woods+2014,3
58299,iron+man+2008,4
337858,ragtime+1981,3
18529,the+amazing+spider-man+2012,3
171492,iron+man+2008,4
289875,trust+us_+this+is+all+made+up+2009,3
198983,total+recall+1990,3
34693,3+ring+circus+1954,2
226205,my+life+without+me+2003,4
139945,vice+2015,4
87559,venus+in+fur+2013,5
148565,billys+holiday+1995,3
246965,kummeli+v+2014,3
288649,iron+man+2008,4
209064,blade+ii+2002,4
214806,the+way+2010,4
94243,rolling+thunder+1977,3
103307,the+war+of+the+robots+1978,4
190202,charlie+and+the+chocolate+factory+2005,3
68247,alan++naomi+1992,3
98798,westward+the+women+1951,3
306460,shortbus+2006,3
93969,violeta+went+to+heaven+2011,3
251967,crane+world+1999,4
348023,the+godfather+1972,4
220895,espions+2009,3
279398,seas+beneath+1931,3
114889,the+strangers+2008,4
258427,the+terminator+1984,3
176055,airplane+1980,4
331631,a+great+day+in+harlem+1994,3
314865,ong-bak+the+thai+warrior+2003,4
4064,gayniggers+from+outer+space+1992,3
179996,cloak++dagger+1984,4
275618,zu+warriors+from+the+magic+mountain+1983,2
63125,the+life+of+oharu+1952,3
55188,the+day+the+earth+stood+still+1951,3
80201,the+lord+of+the+rings+the+return+of+the+king+2003,5
45072,top+secret+1984,3
284438,falcon+rising+2014,3
323558,xingu+2012,4
347732,terminator+salvation+2009,4
292470,gambling+city+1975,4
58367,nightcrawler+2014,4
344252,sholay+1975,4
104366,jealousy+1953,4
93919,the+ballad+of+narayama+1958,4
350832,shrek+2+2004,5
316814,fight+club+1999,3
290650,american+movie+1999,5
68312,bloodbath+at+the+house+of+death+1984,4
240231,the+pianist+2002,5
177836,fallen+angels+1995,4
37774,ferpect+crime+2004,5
74493,bad+karma+1991,3
141420,harry+potter+and+the+prisoner+of+azkaban+2004,5
263334,houba+on+the+trail+of+the+marsupilami+2012,3
234850,spider-man+2002,4
174883,wargames+1983,5
132447,that+uncertain+feeling+1941,2
51395,geronimo+an+american+legend+1993,3
37217,inception+2010,5
322414,body+shots+1999,2
263072,the+fireman+1916,3
312700,ashura+2005,4
22042,peter+pan+1953,4
185316,pinocchio+1940,3
256719,films+to+keep+you+awake+the+babys+room+2006,3
182451,,
195692,the+lord+of+the+rings+the+fellowship+of+the+ring+2001,4
292871,praying+with+lior+2008,4
92928,saboteur+1942,4
246506,se7en+1995,4
101803,leon+the+professional+1994,5
289358,the+legend+of+lylah+clare+1968,3
124367,stille+nacht+2004,4
270572,harry+potter+and+the+goblet+of+fire+2005,4
283618,days+and+nights+2014,4
190461,the+late+shift+1996,3
291911,ingmar+bergman+makes+a+movie+1963,3
226691,paperman+2012,4
90160,synecdoche_+new+york+2008,4
80910,the+lake+house+2006,3
159648,ponyo+2008,4
141947,bad+education+2004,5
115487,the+quiet+room+1996,3
158670,the+war+on+democracy+2007,4
347250,predator+1987,5
162371,whisper+of+the+heart+1995,5
149159,shame+1968,5
34253,the+perks+of+being+a+wallflower+2012,5
332089,the+avengers+2012,5
50425,the+abominable+dr.+phibes+1971,2
179757,point+blank+2010,5
60676,the+adventures+of+priscilla_+queen+of+the+desert+1994,4
306559,the+hurricane+express+1932,4
101756,911+2002,3
52607,playing+for+keeps+2012,3
109305,across+the+universe+2007,3
239512,doomsday+2008,5
130040,the+terminator+1984,5
29907,guardians+of+the+galaxy+2014,4
315151,still+of+the+night+1982,3
258226,dragon+ball+z+broly+-+second+coming+1994,4
229234,twist+2003,3
193544,meeting+people+is+easy+1998,4
107301,street+smart+1987,4
49981,harry+potter+and+the+order+of+the+phoenix+2007,3
233549,the+cameramans+revenge+1912,3
257639,intacto+2001,3
244357,kawa+2010,5
221526,grave+encounters+2011,3
97734,the+alamo+1960,3
289543,experience+preferred...but+not+essential+1982,4
291507,office+space+1999,4
219726,the+earthling+1980,5
306865,spirited+away+2001,5
19456,constantine+2005,4
278641,life+and+debt+2003,4
193713,orpheus+1950,5
60309,the+equalizer+2014,3
260969,a+star+athlete+1937,3
152765,amador+2010,4
221811,my+neighbor+totoro+1988,4
283134,the+manchurian+candidate+1962,4
156405,bad+karma+1991,3
253606,high+society+1956,4
296744,all+the+presidents+men+1976,4
317780,wonder+woman+2009,3
195447,shrek+2001,4
340873,blade+runner+1982,4
297159,thief+1981,2
236285,casino+1995,4
210480,dinosaurs++a+fun-filled+trip+back+in+time+1987,3
252119,an+occurrence+at+owl+creek+bridge+1962,3
235220,beachhead+1954,3
351011,bhaag+milkha+bhaag+2013,4
104496,how+to+train+your+dragon+2+2014,4
102077,joes+palace+2007,5
249420,from+russia+with+love+1963,4
224078,chariots+of+fire+1981,4
109460,black+heaven+2010,3
138425,the+pokrovsky+gates+1982,4
255346,akira+1988,3
280428,bed++breakfast+2010,4
205379,71+2014,5
33278,tangled+2010,3
209654,hukkle+2002,3
272393,wit+2001,4
34296,the+pianist+2002,4
48418,man+of+the+house+2005,3
338711,princess+mononoke+1997,4
195160,the+phantom+of+liberty+1974,4
296111,while+you+were+sleeping+1995,3
90674,the+stratton+story+1949,4
146530,panic+in+year+zero+1962,4
128922,the+company+you+keep+2012,3
293276,stand+by+me+doraemon+2014,3
291157,interstellar+2014,4
74120,time+to+leave+2005,4
253552,the+silver+chalice+1954,2
43373,ann+carvers+profession+1933,3
299655,jade+1995,3
107981,a+world+apart+1988,4
245210,desk+set+1957,3
310414,frenchmans+creek+1944,3
248232,10+rillington+place+1971,4
327480,life+is+sweet+1990,3
345685,the+anderssons+in+greece+all+inclusive+2012,3
317366,malcolm+x+1992,4
255150,anio+w+krakowie+2002,4
1812,the+ballad+of+jack+and+rose+2005,4
169726,the+life+and+death+of+peter+sellers+2004,3
284833,the+debutantes+2003,4
18765,the+slipper+and+the+rose+1976,4
235785,ossessione+1943,4
340180,kikis+delivery+service+1989,4
251880,finding+nemo+2003,3
351877,1+2013,2
326411,the+damned+2013,5
335261,getting+any+1994,3
342931,triage+2009,4
261734,madame+curie+1943,5
119360,the+zero+theorem+2014,3
51778,the+streetfighter+1974,3
346786,forbidden+planet+1956,3
283,raiders+of+the+lost+ark+1981,4
264730,the+marrying+kind+1952,4
57902,the+natural+1984,4
76080,the+boys+from+county+clare+2003,3
259896,the+three+faces+of+eve+1957,4
222333,the+imitation+game+2014,5
283967,dragonslayer+1981,3
39602,mulan+1998,3
104410,the+man+who+knew+too+much+1956,4
223272,inception+2010,3
36070,scarface+1983,4
38402,the+earth+dies+screaming+1964,4
6634,knocked+up+2007,3
178015,a+tale+of+springtime+1990,4
96202,inception+2010,5
88068,norm+macdonald+me+doing+standup+2011,2
35825,april+fools+day+2008,3
134555,hit+man+1972,3
194969,night+of+the+eagle+1962,4
3830,night+of+the+demons+2+1994,4
76495,surfs+up+2007,4
312354,torch+song+trilogy+1988,4
326726,murder+on+a+honeymoon+1935,3
77014,bruce+almighty+2003,2
291516,the+mummy+1999,4
270872,up+2009,5
292218,mike+tyson+undisputed+truth+2013,3
94675,the+woman+chaser+1999,4
171789,the+lord+of+the+rings+the+two+towers+2002,5
189987,legendary+weapons+of+china+1982,5
349354,frances+ha+2013,2
294807,bad+ass+2+bad+asses+2014,1
31992,the+abyss+1989,3
101645,predator+1987,4
40393,network+1976,4
249686,day+is+done+2011,4
261115,nausica+of+the+valley+of+the+wind+1984,3
107393,revenge+of+the+pink+panther+1978,4
117281,goodbye+south_+goodbye+1996,4
260567,25th+hour+2002,5
59537,greedy+1994,3
284040,callan+1974,4
205491,giliap+1975,4
37200,funny+face+1957,5
221266,my+neighbor+totoro+1988,5
136169,harry+potter+and+the+deathly+hallows+part+1+2010,5
83265,x-men+days+of+future+past+2014,3
199613,180+south+conquerors+of+the+useless+2010,3
65343,northwest+2013,3
42488,bob+le+flambeur+1956,4
22456,a+small+town+in+texas+1976,4
160602,inception+2010,4
100731,siegfried+2005,5
259654,monty+python+live+mostly+2014,3
32294,iron+man+2008,4
325351,paper+planes+2014,4
235989,come+and+see+1985,4
313956,kikis+delivery+service+1989,4
311787,phar+lap+1983,4
259611,the+son-daughter+1932,4
230604,harry+potter+and+the+philosophers+stone+2001,3
277602,the+day+the+earth+stood+still+1951,4
352280,the+lord+of+the+rings+the+fellowship+of+the+ring+2001,5
248514,the+bag+man+2014,3
193290,the+dead+1987,5
257444,caught+inside+2010,4
333194,strip-tease+1963,4
236845,comic-con+episode+iv+a+fans+hope+2011,4
186003,throne+of+blood+1957,3
305290,harry+potter+and+the+goblet+of+fire+2005,4
343039,an+american+werewolf+in+london+1981,4
120157,cat+on+a+hot+tin+roof+1958,4
291641,girls+rock+2008,3
171860,airplane+1980,5
80165,deathwatch+2002,4
313908,small+change+1976,4
82701,finding+nemo+2003,4
341244,zero+2+2010,3
251830,the+act+of+killing+2012,4
175439,the+deer+hunter+1978,4
188790,interstellar+2014,4
316052,aankhen+2002,3
87207,reparando+2010,3
243310,shrek+forever+after+2010,4
225493,the+darjeeling+limited+2007,3
150810,arn+the+kingdom+at+roads+end+2008,4
16019,paid+in+full+2002,3
285470,ponyo+2008,4
349944,our+hospitality+1923,4
177541,back+in+business+1997,4
159820,for+love+of+ivy+1968,3
172828,frozen+2013,4
195722,my+name+is+nobody+1973,3
48562,tv+junkie+2006,2
177026,the+house+of+the+spirits+1993,4
20723,spiritual+kung+fu+1978,3
280068,dead+snow+2+red+vs.+dead+2014,4
178389,despicable+me+2+2013,4
249825,gentlemen+of+fortune+1971,4
44635,nobodys+children+1951,4
211021,full+metal+jacket+1987,3
326771,nightcrawler+2014,4
248318,coraline+2009,4
1270,get+low+2010,5
92787,die+hard+1988,4
153492,under+siege+2+dark+territory+1995,4
211205,harry+potter+and+the+philosophers+stone+2001,3
17803,howls+moving+castle+2004,4
284519,gambit+2012,3
224763,the+adventures+of+prince+achmed+1926,4
88102,belle+2013,4
334154,transformers+age+of+extinction+2014,3
228478,playing+by+heart+1998,4
249346,goodfellas+1990,4
90414,the+chronicles+of+narnia+the+lion_+the+witch+and+the+wardrobe+2005,4
127845,rashomon+1950,4
316535,le+notti+bianche+1957,3
68155,the+year+of+the+wolf+2007,4
80705,chicken+run+2000,4
114820,troy+2004,5
264655,coraline+2009,4
329082,american+sniper+2014,4
165749,star+wars+1977,4
292585,alice+1988,4
33080,where+eagles+dare+1968,5
104585,the+reluctant+fundamentalist+2013,4
969,the+experiment+2001,4
168431,cookies+fortune+1999,3
282508,syriana+2005,3
124085,southbounders+2005,4
267786,finding+nemo+2003,4
245,nausica+of+the+valley+of+the+wind+1984,4
270093,the+night+of+the+generals+1967,4
307413,the+human+centipede+first+sequence+2009,2
49939,ice+age+dawn+of+the+dinosaurs+2009,3
267304,oldboy+2003,4
325519,127+hours+2010,4
205453,play+girl+1941,3
33752,possible+worlds+2000,3
136943,down+by+law+1986,3
1312,eloise+at+the+plaza+2003,4
175978,the+mummys+shroud+1967,3
64961,echoes+of+the+rainbow+2010,4
144422,darker+than+night+2014,3
57050,johnny+got+his+gun+1971,3
297264,a+tale+of+two+sisters+2003,4
127854,but+im+a+cheerleader+1999,3
323613,the+lost+skeleton+of+cadavra+2001,4
244438,little+women+1949,3
263421,big+hero+6+2014,3
344687,the+legend+of+leigh+bowery+2002,3
292238,lourdes+2009,4
331588,while+you+were+sleeping+1995,2
160019,force+10+from+navarone+1978,4
168132,project+x+1987,3
209817,alice+in+wonderland+1951,3
37722,brave+2012,3
317912,hand+in+hand+1961,3
60008,harry+potter+and+the+order+of+the+phoenix+2007,4
218996,radio+on+1979,4
332325,kana+1957,5
135799,cheeky+2000,3
282942,pinocchio+1976,2
30877,megamind+2010,4
160220,my+big+fat+greek+wedding+2002,3
336072,nowhere+in+africa+2001,3
44150,men+in+black+1997,4
15154,harry+potter+and+the+chamber+of+secrets+2002,3
60773,the+young+in+heart+1938,4
340704,the+debt+1999,4
60253,obsession+1976,3
8557,brother+bear+2003,4
191704,grey+gardens+2009,4
63799,grandview_+u.s.a.+1984,3
292466,all+watched+over+by+machines+of+loving+grace+2011,5
230933,the+italian+2010,3
290753,any+wednesday+1966,3
225637,the+lord+of+the+rings+the+fellowship+of+the+ring+2001,5
106817,ponyo+2008,4
71594,dexter+the+dragon++bumble+the+bear+1983,4
201739,american+zombie+2007,3
12290,slingshot+hip+hop+2008,3
296883,the+lord+of+the+rings+the+fellowship+of+the+ring+2001,4
200394,despicable+me+2010,4
153076,interstellar+2014,4
293377,breathing+fire+1991,3
330069,precious+2009,3
303798,children+in+the+wind+1937,4
265631,mephisto+1981,5
244689,django+unchained+2012,4
129830,aloha+summer+1988,4
89529,mirror+1975,4
137538,geronimo+an+american+legend+1993,2
22923,the+cat+returns+2002,4
208282,akira+1988,4
241691,brave+2012,4
183995,the+secret+world+of+arrietty+2010,4
302691,monsters_+inc.+2001,4
237917,the+taste+of+others+2000,3
309486,raiders+of+the+lost+ark+1981,4
308866,star+wars+1977,4
209915,harry+potter+and+the+half-blood+prince+2009,4
55228,asterix+in+britain+1986,4
90816,big+hero+6+2014,3
183217,a+few+good+men+1992,4
155689,grant+morrison++talking+with+gods+2010,3
203668,akira+1988,4
61172,harry+potter+and+the+order+of+the+phoenix+2007,5
78923,mongolian+ping+pong+2005,4
267332,the+toast+of+new+york+1937,3
238922,spider-man+2002,3
96590,wimbledon+2004,2
239509,lakeview+terrace+2008,2
128603,chicken+run+2000,4
34730,verboten+1959,3
187851,alien+1979,4
83871,fury+2014,3
134295,captains+courageous+1937,3
169812,despicable+me+2+2013,4
172013,the+substance+albert+hofmanns+lsd+2011,4
47059,lilla+jnssonligan+och+cornflakeskuppen+1996,3
270507,dont+look+back+1967,4
242886,this+is+england+2006,4
335819,the+good_+the+bad+and+the+ugly+1966,4
150808,drained+2006,5
211209,the+hobbit+an+unexpected+journey+2012,4
295061,alabamas+ghost+1973,3
169501,the+last+godfather+2010,3
306043,black+sheep+2006,4
116109,dust+in+the+wind+1986,3
166702,thursday+1998,4
77828,playing+with+love+1977,4
2506,girls+just+want+to+have+fun+1985,3
181179,when+a+woman+ascends+the+stairs+1960,4
349625,hedgehog+in+the+fog+1975,4
35979,the+broken+hearts+club+a+romantic+comedy+2000,4
242049,red+firecracker_+green+firecracker+1994,3
306910,the+dark+knight+2008,4
293791,siberian+education+2013,4
348897,+nous+la+libert+1931,4
303492,the+hand+1965,3
222704,my+neighbor+totoro+1988,5
118230,up+2009,4
95977,hamlet+1948,3
94070,wild+hearts+cant+be+broken+1991,4
199485,saving+private+ryan+1998,3
76320,the+last+word+2008,4
268409,future+by+design+2006,4
311935,whisper+of+the+heart+1995,3
234250,the+purge+anarchy+2014,5
190717,seven+samurai+1954,4
269709,the+pursuit+of+happiness+1971,2
224566,triangle+2009,4
272863,twin+sisters+2002,3
141690,the+secret+world+of+arrietty+2010,4
129083,saving+silverman+2001,3
168149,for+all+mankind+1989,5
80049,berlin+symphony+of+a+great+city+1927,3
224369,danika+2006,4
194913,night+and+the+city+1950,4
61150,l+change+the+world+2008,4
183645,lessons+of+darkness+1992,3
327561,aladdin+1992,3
9216,trainspotting+1996,3
309968,you+dont+know+jack+2010,4
339763,willy+wonka++the+chocolate+factory+1971,4
227482,things+i+like_+things+i+dont+like+1989,3
126001,some+girls+1988,4
10506,aladdin+1992,3
43028,is+it+college+yet+2002,4
113882,amandla+a+revolution+in+four-part+harmony+2002,3
196426,shadowlands+1993,4
293471,redline+2009,4
81204,the+goonies+1985,5
219698,tea+with+mussolini+1999,4
279511,toy+story+2+1999,4
6977,the+purge+anarchy+2014,4
46193,samurai+i+musashi+miyamoto+1954,3
331811,night+of+the+demon+1957,5
12317,the+wild+child+1970,4
341125,unforgettable+1996,4
302267,afflicted+2014,3
190821,scarlet+street+1945,4
69986,boys+night+out+1962,3
52239,no+direction+home+bob+dylan+2005,5
111721,the+chronicles+of+narnia+the+lion_+the+witch+and+the+wardrobe+2005,4
137204,popular+music+2004,4
128066,frozen+2013,3
269656,3+idiots+2009,4
339125,ordet+1955,5
4017,the+lady+vanishes+1938,5
67871,restrepo+2010,4
285346,the+day+after+trinity+1981,3
114911,star+wars+1977,5
216324,sleeping+beauty+1959,4
252158,the+penalty+1920,3
322535,house+of+games+1987,3
175979,an+ideal+husband+1999,4
209574,21+jump+street+2012,4
69900,rainy+dog+1997,4
41128,charlottes+web+2006,2
332904,indiana+jones+and+the+temple+of+doom+1984,3
304447,the+journey+1959,3
284279,the+lincoln+lawyer+2011,5
124022,kestrels+eye+1998,3
259453,the+dark+knight+2008,4
30278,grease+1978,4
265942,cinderella+1950,4
97401,geronimo+an+american+legend+1993,3
14396,mask+1985,3
186210,the+imitation+game+2014,4
150170,the+red+and+the+white+1967,4
118157,alice+2009,3
226633,tess+of+the+storm+country+1922,4
168185,pirates+of+the+caribbean+the+curse+of+the+black+pearl+2003,4
351154,how+green+was+my+valley+1941,4
68086,dead+times+1964,4
348,oliver+twist+1982,3
293078,sita+sings+the+blues+2008,3
101181,lola+1961,4
68128,the+great+train+robbery+1903,3
228138,la+cucaracha+1998,4
225004,four+nights+of+a+dreamer+1971,4
126862,adventures+in+babysitting+1987,4
46697,the+wind+that+shakes+the+barley+2006,5
467,the+idiots+1998,3
115355,plunkett++macleane+1999,3
344208,greenfingers+2001,4
171970,dial+m+for+murder+1954,5
97961,champion+1949,4
99077,7th+cavalry+1956,4
316037,the+iran+job+2012,5
272068,nobody+knows+anything+2003,3
303179,the+godfather+1972,5
180066,men+in+black+1997,5
69181,no+man+of+her+own+1950,4
8134,what+about+bob+1991,4
206865,broken+embraces+2009,4
115213,the+private+life+of+henry+viii+1933,4
245819,terminator+salvation+2009,2
169944,jfk+1991,4
38969,whisper+of+the+heart+1995,4
13980,the+secret+world+of+arrietty+2010,4
301387,inception+2010,5
295366,the+incredibles+2004,4
201816,a+flower+1971,3
83168,the+first+wives+club+1996,3
51297,cruising+1980,2
347840,interstellar+2014,4
286351,work+in+progress+2001,3
272114,shanghai+calling+2012,4
138986,the+lord+of+the+rings+the+fellowship+of+the+ring+2001,4
314626,the+great+rock+n+roll+swindle+1980,3
204642,nurse+3-d+2013,4
78645,dial+m+for+murder+1954,3
325829,the+spanish+prisoner+1997,4
332148,iron+man+rise+of+technovore+2013,3
318881,the+bitter+tears+of+petra+von+kant+1972,4
245564,raiders+of+the+lost+ark+1981,4
263321,nightmare+factory+2011,2
281575,the+immature+2011,3
21878,cloudy+with+a+chance+of+meatballs+2+2013,4
168868,the+birds+1963,4
19835,the+cameraman+1928,5
349454,the+shawshank+redemption+1994,4
132507,ponyo+2008,4
238147,jack+frost+1997,3
217337,the+island+2006,4
242639,a+fistful+of+dollars+1964,2
148233,impulse+1984,4
5681,ong-bak+the+thai+warrior+2003,3
10360,barbie+in+the+nutcracker+2001,3
321287,cheeky+girls+2008,4
218411,murder+in+coweta+county+1983,4
302926,men+in+black+ii+2002,3
247059,shadowboxer+2005,3
60509,the+executioner+1963,4
9990,ratatouille+2007,4
200811,princess+protection+program+2009,3
158123,helen+2009,4
213169,the+dark+knight+2008,5
87316,the+dark+knight+2008,4
234985,entrapment+1999,3
42071,leon+the+professional+1994,4
72417,the+terminator+1984,4
92285,three+kings+1999,4
122764,fight+club+1999,3
90396,holy+rollers+2010,2
48736,once+upon+a+time...+when+we+were+colored+1996,3
309754,633+squadron+1964,3
12919,maleficent+2014,3
18279,this+gun+for+hire+1942,5
321377,my+neighbor+totoro+1988,5
34323,scarlet+street+1945,4
177199,bombn+the+dog+2004,3
190969,sling+blade+1996,4
74155,the+wedding+director+2006,4
133274,the+boxers+omen+1983,4
311079,marriage+retreat+2011,3
325450,toy+story+3+2010,4
54613,dances+with+wolves+1990,4
277852,in+the+name+of+the+father+1993,4
173820,four+nights+of+a+dreamer+1971,3
319186,nadja+1994,2
337944,alter+egos+2012,3
224329,games+of+love+and+chance+2003,3
84309,the+unbearable+lightness+of+being+1988,4
243093,the+stoning+of+soraya+m.+2008,4
247345,bloodsport+1988,2
185587,heaven+and+earth+1990,4
343121,american+swing+2008,4
312468,goldengirl+1979,4
248176,the+imitation+game+2014,3
194100,finding+nemo+2003,4
337986,water+2005,3
278465,the+fearless+freaks+2005,3
109101,splendor+in+the+grass+1961,3
127306,red+sorghum+1987,4
332312,everyone+says+i+love+you+1996,4
99710,puncture+2011,4
282980,all+that+heaven+allows+1955,4
286076,abbott+and+costello+meet+dr.+jekyll+and+mr.+hyde+1953,5
160394,coal+miners+daughter+1980,4
292053,exorcismus+2010,4
174144,grease+1978,3
307813,king+of+comedy+1999,4
97205,lucia+2013,5
273239,sombre+1998,4
17852,back+to+the+future+part+iii+1990,3
265260,gate+of+flesh+1964,3
81254,whity+1971,4
181923,the+shawshank+redemption+1994,4
135219,daylight+2011,4
241298,leon+the+professional+1994,4
69100,american+me+1992,3
259219,bull+durham+1988,4
87280,dr.+no+1962,2
329362,galaxy+quest+1999,4
15810,2001+a+space+odyssey+1968,4
243641,the+wolf+of+wall+street+2013,5
37828,august+2008,3
139649,into+the+woods+2014,3
319023,airplane+1980,3
254084,despicable+me+2010,2
1427,focus+2001,3
139290,the+crimson+pirate+1952,3
132994,it+follows+2015,3
100210,looking+for+cheyenne+2005,4
334173,a+good+marriage+1982,3
336503,flesh++blood+1985,3
305306,that+cold+day+in+the+park+1969,4
288223,the+banquet+2006,3
58634,x-men+days+of+future+past+2014,4
232788,pursued+1947,3
29480,interstellar+2014,3
177792,inside+man+2006,4
278205,x-men+days+of+future+past+2014,4
206112,s.o.s.+iceberg+1933,4
20824,ninja+assassin+2009,3
70400,madeleine+1950,3
279106,buck+2011,4
186971,the+matrix+1999,5
293917,kings+and+queen+2004,3
129603,clueless+1995,3
12613,crank+high+voltage+2009,3
15809,small+change+1976,3
182957,close+encounters+of+the+third+kind+1977,4
230111,aliens+1986,4
181253,the+maltese+falcon+1941,4
29141,harry+potter+and+the+deathly+hallows+part+2+2011,4
188061,9+star+hotel+2007,2
105325,lets+make+money+2008,4
305237,the+photographer+2014,3
81645,ricky+2009,2
30461,never+say+never+again+1983,3
137747,the+panic+in+needle+park+1971,4
218912,for+me+and+my+gal+1942,3
171342,redirected+2014,3
280093,the+guns+of+navarone+1961,5
258904,little+miss+sunshine+2006,5
171158,goodfellas+1990,4
347067,pixote+1981,4
66236,the+gods+must+be+crazy+1980,3
215073,the+edge+of+love+2008,3
326796,the+mother+2003,3
60294,forrest+gump+1994,5
178722,the+grass+harp+1995,4
141515,arthur+and+the+invisibles+2006,4
162290,the+left+hand+of+god+1955,4
209764,gaslight+1940,3
318180,princess+mononoke+1997,3
215958,medium+cool+1969,3
231417,rumor+has+it...+2005,2
265783,the+old+lady+and+the+pigeons+1997,5
21607,mulan+1998,4
223628,new+town+killers+2008,4
329473,harry+potter+and+the+goblet+of+fire+2005,2
205785,goodfellas+1990,5
41668,whiplash+2014,5
325069,ay_+carmela+1990,3
51886,joker+2012,3
95060,hamlet+1990,4
216429,ranma++nihao_+my+concubine+1992,4
138354,the+driver+1978,4
226084,cinderella+1950,3
90500,titanic+1997,4
49704,beginners+2010,4
169688,aliens+1986,4
206416,cave+of+forgotten+dreams+2010,3
258604,poliwood+2009,3
74925,the+mask+1994,4
43854,lost+horizon+1937,4
149745,black+rainbow+1989,3
227230,ghostbusters+1984,3
296561,creature+with+the+atom+brain+1955,2
64166,as+you+like+it+2006,3
153293,gangsters+1977,4
223904,afflicted+2014,4
151245,quai+des+orfvres+1947,5
200952,nob+hill+1945,4
291067,jack+and+the+beanstalk+1952,3
17715,gattaca+1997,3
268948,the+dark+knight+rises+2012,5
16674,the+lord+of+the+rings+the+fellowship+of+the+ring+2001,4
88442,life+is+all+you+get+1997,3
134826,beauty+and+the+beast+1991,4
286673,batman+year+one+2011,3
7539,wide+eyed+and+legless+1993,4
156182,aladdin+1992,4
162469,scary+or+die+2012,3
289665,the+lord+of+the+rings+the+fellowship+of+the+ring+2001,5
103856,the+mission+1986,5
114528,goodfellas+1990,4
6321,la+luna+2011,4
297902,blade+runner+1982,4
179554,the+fantastic+night+1942,3
172882,shrek+2+2004,5
27399,pulp+fiction+1994,4
27897,hairspray+2007,3
153719,the+godfather+1972,4
70440,suspicion+1941,4
305399,saving+private+ryan+1998,4
109699,the+mark+of+cain+2000,3
340747,the+shawshank+redemption+1994,5
227875,in+china+they+eat+dogs+1999,5
200826,a+fool+there+was+1915,5
71538,holiday+inn+1942,5
148489,coming+out+1989,4
341105,the+prowler+1951,3
343739,precious+2009,2
208229,oceans+eleven+2001,4
129733,blue+steel+1990,4
290542,dead+set+2008,4
5061,wendy+and+lucy+2008,3
228417,good+will+hunting+1997,4
328668,the+secret+life+of+walter+mitty+1947,4
335188,bey+yaar+2014,4
218462,what+we+do+in+the+shadows+2014,4
274984,the+lord+of+the+rings+the+fellowship+of+the+ring+2001,3
930,the+man+who+wasnt+there+2001,3
322684,alice+in+wonderland+1951,4
334913,whisper+of+the+heart+1995,4
329965,harry+potter+and+the+goblet+of+fire+2005,4
84664,twice+upon+a+time+1983,3
350216,bicycle+thieves+1948,3
157799,runaway+brain+1995,3
279192,the+little+mermaid+1989,4
44194,total+recall+1990,4
185925,geronimo+an+american+legend+1993,4
275630,inside+dr.+strangelove+or+how+i+learned+to+stop+worrying+and+love+the+bomb+2000,4
48410,henry+kissinger+secrets+of+a+superpower+2008,3
194442,shrek+2001,4
269650,autumn+sonata+1978,5
66115,at+close+range+1986,2
348534,he+walked+by+night+1948,3
198455,conan+the+barbarian+1982,3
106052,the+terminator+1984,4
233537,the+emperors+new+groove+2000,4
104309,the+lord+of+the+rings+the+two+towers+2002,3
282268,only+the+young+2012,3
230194,a+heart+in+winter+1992,5
185781,desperate+living+1977,2
94130,ninja+2009,3
259170,sholay+1975,4
229984,frozen+2013,5
244993,star+wars+1977,5
17425,star+wars+1977,4
102443,scarface+1983,2
73273,midnight+cowboy+1969,3
154116,aziz+ansari+intimate+moments+for+a+sensual+evening+2010,4
317279,the+shawshank+redemption+1994,4
79709,iron+monkey+1993,5
754,the+matrix+revolutions+2003,4
74190,touch+of+evil+1958,4
183598,not+another+happy+ending+2013,4
60732,jolly+fellows+1934,4
259474,lucy+2003,4
106638,the+dark+knight+rises+2012,4
200258,steep+2007,3
229940,moonstruck+1987,5
12713,wake+wood+2011,3
71635,such+good+friends+1971,4
17177,porco+rosso+1992,3
53961,kangaroo+jack+2003,2
35562,kingsman+the+secret+service+2015,4
64566,standing+still+2005,2
127124,the+shawshank+redemption+1994,5
324514,killjoy+goes+to+hell+2012,3
22117,imitation+of+life+1934,5
35515,keane+2004,4
129297,imagine+that+2009,3
231724,gattaca+1997,4
315375,vampyr+1932,4
176784,the+door+in+the+floor+2004,5
208186,haider+2014,4
63274,fellini+satyricon+1969,5
209299,harry+potter+and+the+prisoner+of+azkaban+2004,5
299814,despicable+me+2+2013,4
197360,lugares+comunes+2002,4
104586,cherry+tree+lane+2010,3
27461,school+ties+1992,4
350766,barfi+2012,4
6327,true+grit+1969,4
135123,beauty+and+the+beast+1991,3
206051,inglourious+basterds+2009,4
154865,a+night+at+the+movies+the+suspenseful+world+of+thrillers+2009,4
88334,dawn+of+the+dead+1978,3
351580,wit+2001,5
42956,s.w.a.t.+firefight+2011,4
255591,the+incredibles+2004,3
349258,things+i+never+told+you+1996,3
289874,flying+down+to+rio+1933,4
305844,bad+boy+bubby+1993,4
182608,interstellar+2014,4
256772,monty+python+and+the+holy+grail+1975,5
161562,star+wars+1977,5
185994,expecting+a+miracle+2009,4
138498,the+shawshank+redemption+1994,4
239547,suddenly+1954,4
36020,dirty+filthy+love+2005,4
25912,the+lion+king+2+simbas+pride+1998,3
74830,beyond+the+forest+1949,4
75093,pirates+of+the+caribbean+the+curse+of+the+black+pearl+2003,4
89137,a+bugs+life+1998,4
190651,police+story+1985,3
349609,boy+of+the+streets+1937,3
3883,the+golden+coach+1952,4
208717,phyllis+and+harold+2010,3
87080,nixon+by+nixon+in+his+own+words+2014,3
59416,raiders+of+the+lost+ark+1981,4
192965,the+messengers+2007,3
137096,den+enskilde+medborgaren+2006,4
191958,island+2011,4
163954,clean+2004,4
271777,walle+2008,5
149778,the+dark+knight+rises+2012,5
92133,somers+town+2008,4
172838,big+hero+6+2014,5
264955,go+for+it+1983,4
309634,mulan+1998,4
325670,texas+carnival+1951,4
246081,inception+2010,3
195599,corn+island+2014,3
123592,new+scenes+from+america+2002,4
109742,love+and+anarchy+1973,4
27230,the+shop+around+the+corner+1940,4
304465,interstellar+2014,4
237317,aguirre+the+wrath+of+god+1972,4
315927,who+saw+him+die+1968,4
297043,kingsman+the+secret+service+2015,3
307612,a+brief+history+of+time+1991,3
308732,ragtime+1981,5
112832,the+streetfighter+1974,4
114766,the+goonies+1985,3
252510,rififi+1955,4
283642,gladiator+2000,4
90635,kidnapping_+caucasian+style+1967,5
230099,the+vexxer+2007,4
273083,by+the+sea+1915,4
307704,the+yellow+handkerchief+2008,4
154860,the+factory+2012,4
249763,the+thief+1997,3
25357,el+greco+2007,4
77980,raiders+of+the+lost+ark+1981,5
27971,homesick+2005,3
189803,the+counterfeit+coin+1955,3
182556,the+third+man+1949,4
41303,aliens+1986,5
148658,dodsworth+1936,3
92972,monty+python+and+the+holy+grail+1975,4
149764,i+dont+want+to+go+back+alone+2010,3
128636,i+just+didnt+do+it+2007,4
220130,high+noon+1952,4
310683,sympathy+for+mr.+vengeance+2002,3
140495,the+fortune+cookie+1966,5
165904,the+tracker+2002,3
198884,born+to+race+2011,3
288836,oceans+2009,5
315811,the+distance+2014,3
49287,its+my+party+1996,3
233306,seven+days+2010,4
304371,nausica+of+the+valley+of+the+wind+1984,4
136596,spirit+stallion+of+the+cimarron+2002,3
325991,monty+python+and+the+holy+grail+1975,4
351728,the+glass+house+1972,4
305252,cinderella+2015,3
137172,king+ordinary+2013,4
176886,treasure+of+the+four+crowns+1983,3
21496,freedom+2009,4
335162,puppet+master+axis+of+evil+2010,4
46607,mister+roberts+1955,5
241397,15+2005,5
222500,hi+diddle+diddle+1943,4
231258,comradeship+1931,4
120524,blade+runner+1982,3
220836,the+english+patient+1996,4
169815,toy+story+1995,4
40480,brave+2012,3
190964,my+neighbor+totoro+1988,4
125456,nausica+of+the+valley+of+the+wind+1984,3
123939,a+one-way+trip+to+antibes+2011,3
298706,wit+2001,4
303434,the+adventurer+1917,4
230755,shrek+2+2004,4
97457,real+steel+2011,3
107102,pressed+2011,3
30362,shrek+forever+after+2010,4
345624,three+days+of+the+condor+1975,5
205804,willy+wonka++the+chocolate+factory+1971,3
176228,zu+warriors+from+the+magic+mountain+1983,5
254517,the+counterfeiters+2007,4
110565,toy+story+3+2010,5
29393,thor+2011,4
229098,3+idiots+2009,4
25413,northanger+abbey+2007,4
84293,metallica+through+the+never+2013,3
2688,1114+2003,4
257497,gattaca+1997,3
201026,watchmen+2009,4
248853,kingsman+the+secret+service+2015,4
57641,date+and+switch+2014,3
35322,the+spiral+staircase+1946,5
138038,eros++massacre+1969,4
166569,the+great+king+1942,3
31422,bo+burnham+words_+words_+words+2010,3
69167,night+train+2009,2
321742,the+misfits+1961,4
352406,alamo+bay+1985,4
112384,gorky+park+1983,4
212281,down+by+law+1986,4
228627,oceans+eleven+1960,4
313814,the+good_+the+bad+and+the+ugly+1966,4
246370,howls+moving+castle+2004,5
143372,quai+des+orfvres+1947,4
177133,the+little+mermaid+1989,4
39680,farce+of+the+penguins+2006,3
114558,meet+monica+velour+2010,4
231907,boys+town+1938,3
93433,the+prisoner+of+zenda+1937,4
34610,blue+is+the+warmest+color+2013,4
325177,tokyo.sora+2002,3
325144,platoon+1986,4
345766,hairspray+2007,4
273563,not+for_+or+against+quite+the+contrary+2003,3
59919,leon+the+professional+1994,4
345663,inception+2010,4
82229,shrek+2001,4
83621,dragon+ball+z+broly+-+the+legendary+super+saiyan+1993,4
39069,i+cant+think+straight+2008,2
291955,the+lord+of+the+rings+the+fellowship+of+the+ring+2001,5
31488,pigsty+1969,4
86250,monty+python+and+the+holy+grail+1975,5
314644,hoop+reality+2007,3
191185,too+earlytoo+late+1982,4
248913,ball+of+fire+1941,4
189891,interstellar+2014,4
145310,interstellar+2014,3
48965,men+in+black+ii+2002,3
223060,the+dark+corner+1946,4
214519,x-men+days+of+future+past+2014,2
295829,spirited+away+2001,4
92169,lifeguard+1976,4
216188,cheeky+2000,4
44998,to+the+other+side+2004,3
306051,the+contract+2006,3
137048,the+hard+word+2002,3
240953,the+matrix+1999,3
275947,the+blue+kite+1994,3
138723,heartbeats+2010,4
214890,thor+the+dark+world+2013,4
184615,the+shawshank+redemption+1994,5
291176,three+days+of+the+condor+1975,5
283985,the+man+who+knew+too+much+1956,3
240181,life+as+a+house+2001,3
184270,the+lord+of+the+rings+the+return+of+the+king+2003,4
328155,the+hobbit+an+unexpected+journey+2012,5
275446,rapture+1979,5
204550,fruitvale+station+2013,5
274869,men+in+black+1997,3
193598,the+lion+king+1+2004,2
274600,sal_+or+the+120+days+of+sodom+1975,3
125021,breaking+the+silence+truth+and+lies+in+the+war+on+terror+2003,3
124331,the+lion+in+winter+1968,4
289462,interstellar+2014,3
326812,on+the+ropes+1999,4
44302,iron+man+2+2010,3
39856,fanny++alexander+1982,4
56529,lifeguard+1976,4
178725,broken+english+2007,3
103220,men+in+black+1997,3
68639,election+2005,4
36113,crisis+1950,2
317015,indie+game+the+movie+2012,4
150119,zatichi+the+fugitive+1963,5
195481,golden+christmas+2+2011,4
54572,the+green+mile+1999,4
199960,ali+fear+eats+the+soul+1974,4
82570,the+man+who+knew+too+much+1956,4
254848,the+shawshank+redemption+1994,4
190816,the+accidental+spy+2001,4
11448,batman+begins+2005,3
138047,jiro+dreams+of+sushi+2011,4
116173,the+big+wedding+2013,4
14159,seven+minutes+2009,4
117225,once+upon+a+honeymoon+1942,3
79980,the+bread+and+alley+1970,3
338412,mercury+rising+1998,3
246880,blood+ties+2013,4
187937,its+kind+of+a+funny+story+2010,4
169407,black+river+1957,4
331942,stand+by+me+1986,3
288835,watchmen+2009,4
66622,coraline+2009,4
152109,whiplash+2014,4
103080,new+york+confidential+1955,4
250933,eyes+without+a+face+1960,3
127360,seven+samurai+1954,5
227941,mona+lisa+1986,4
345043,dragon+ball+z+coolers+revenge+1991,3
114481,balance+1989,4
202609,the+drop+2014,4
12722,x-men+days+of+future+past+2014,3
177895,jar+city+2006,4
271676,friday+the+13th+1980,3
297547,tyson+2008,4
52839,rebel+without+a+cause+1955,4
134520,tarzan+1999,4
103860,the+hobbit+the+battle+of+the+five+armies+2014,4
61898,the+city+of+lost+souls+2000,4
343046,interstellar+2014,3
265712,goodfellas+1990,3
344639,boy+on+a+dolphin+1957,5
150577,gettysburg+1993,4
188653,the+shawshank+redemption+1994,5
41342,pulp+fiction+1994,5
267096,seven+samurai+1954,5
351809,runaway+brain+1995,3
16344,heaven+knows_+mr.+allison+1957,4
174269,will+2011,4
215756,libre+change+2010,3
338534,batman+the+dark+knight+returns_+part+1+2012,4
61188,the+jar+1994,3
111380,princess+yang+kwei+fei+1955,4
241497,barbary+coast+1935,4
122667,top+secret+1984,3
333407,oceans+eleven+2001,3
110759,aftermath+2012,4
344675,the+lord+of+the+rings+the+fellowship+of+the+ring+2001,4
282273,a+further+gesture+1997,3
228025,the+great+buck+howard+2008,4
116274,army+of+crime+2009,4
149815,the+dark+knight+rises+2012,5
10732,zatichi+the+outlaw+1967,2
32219,che+part+two+2009,4
177630,a+monster+in+paris+2011,4
342155,the+help+2011,3
136481,interstellar+2014,5
290309,marriage+italian+style+1964,4
208093,terminator+3+rise+of+the+machines+2003,3
244174,shrek+2001,4
329095,harry+potter+and+the+chamber+of+secrets+2002,4
144386,once+upon+a+time+in+anatolia+2011,4
328091,when+you+comin+back_+red+ryder+1979,4
127682,how+to+train+your+dragon+2+2014,4
197796,brave+2012,4
134808,ice+princess+2005,5
57064,the+godfather+1972,3
16471,dead+man+walking+1995,4
227817,wristcutters+a+love+story+2006,3
334867,scent+of+a+woman+1974,5
88190,terminator+2+judgment+day+1991,3
328688,the+keep+1983,4
196860,frontrunners+2008,4
143896,how+the+grinch+stole+christmas+1966,3
120060,men+in+black+1997,3
40078,the+man+who+knew+too+much+1956,4
18451,megamind+2010,5
158709,the+sword+in+the+stone+1963,3
329434,the+dream+team+1989,3
279427,judy+moody+and+the+not+bummer+summer+2011,3
135470,modern+times+1936,5
108473,the+big+red+one+1980,3
63193,disconnect+2012,3
292579,the+woman+next+door+1981,3
319937,the+hobbit+the+battle+of+the+five+armies+2014,3
25741,mutantes+2009,4
251308,grant+morrison++talking+with+gods+2010,3
221874,the+ascent+1977,5
175818,iron+man+2008,3
122990,all+that+glitters+2010,4
31548,toy+story+1995,4
79057,independence+day+1996,3
220865,diana+vreeland+the+eye+has+to+travel+2012,4
110744,nightcrawler+2014,4
104282,companeros+1970,5
43564,saw+ii+2005,3
251734,advance+to+the+rear+1964,4
309804,how+to+train+your+dragon+2010,4
155125,the+man+in+possession+1931,3
32684,the+trip+to+bountiful+2014,3
62945,starship+troopers+1997,2
42210,dodeska-den+1970,4
326562,star+trek+insurrection+1998,4
264248,red+eye+2005,4
256965,quantum+of+solace+2008,3
336888,the+detective+2007,4
278713,the+war+1994,3
339618,leclisse+1962,4
58033,2001+a+space+odyssey+1968,4
183186,bolt+2008,3
253859,my+name+is+nobody+1973,4
180850,eternity+and+a+day+1998,4
278819,creature+comforts+1989,3
265547,bill+burr+im+sorry+you+feel+that+way+2014,4
270924,casino+royale+2006,4
305198,save+the+tiger+1973,3
272306,oceans+eleven+2001,3
162956,war+and+peace+1956,4
57273,jupiter+ascending+2015,2
319341,holes+2003,4
100626,as+long+as+youve+got+your+health+1966,3
123106,return+of+the+living+dead+rave+to+the+grave+2005,3
94586,cut+2000,2
108519,the+lord+of+the+rings+the+fellowship+of+the+ring+2001,4
228945,rope+1948,4
71817,never+say+never+again+1983,3
254755,chinatown+1974,5
95621,a+better+tomorrow+ii+1987,4
120949,back+to+the+future+1985,4
31383,dont+go+breaking+my+heart+2011,4
146320,trick+1999,2
160553,from+russia+with+love+1963,4
253915,mary+and+max+2009,4
141351,the+green+mile+1999,4
300262,the+bachelor+party+1957,3
1419,chilly+scenes+of+winter+1979,3
268133,career+girls+1997,3
195669,the+ultimate+warrior+1975,3
93001,few+of+us+1996,4
21687,the+worlds+greatest+lover+1977,4
108759,the+shining+1980,4
26325,the+end+of+poverty+2008,4
184316,a+little+stiff+1991,4
139227,j.c.+chavez+2007,4
216403,springsteen++i+2013,4
83939,hazmat+2013,4
83159,amlie+2001,4
350052,the+shining+1980,3
174596,big+miracle+2012,3
200500,robots+2005,2
304797,clash+of+the+titans+2010,4
208815,the+class+2007,4
75931,seven+waves+away+1957,3
162022,the+lord+of+the+rings+the+return+of+the+king+2003,4
159899,de+nieuwe+wildernis+2013,4
270691,raiders+of+the+lost+ark+1981,5
183888,the+green+mile+1999,5
98180,stir+crazy+1980,3
72912,goliyon+ki+raasleela+ram-leela+2013,4
258843,soul+food+1997,4
216639,tangled+2010,4
234136,the+soul+of+a+man+2003,3
281662,wittgenstein+1993,3
63807,coraline+2009,4
136806,shrek+2001,3
223540,gladiator+1992+1992,4
158988,harry+potter+and+the+order+of+the+phoenix+2007,3
319160,the+avengers+2012,5
323115,goodbye_+columbus+1969,3
53683,the+long+kiss+goodnight+1996,3
44550,hiroshima+mon+amour+1959,4
108829,spiritual+kung+fu+1978,4
156986,the+diving+bell+and+the+butterfly+2007,3
261022,niagara+1953,3
168209,terminator+2+judgment+day+1991,4
328613,the+avengers+2012,4
276721,viola+2012,5
61135,first+on+the+moon+2005,4
297990,the+associate+1996,3
298054,meet+joe+black+1998,2
52784,hellboy+ii+the+golden+army+2008,4
168631,the+matrix+1999,5
286387,bruce+almighty+2003,3
77421,i+am+sam+2001,2
331394,meet+the+parents+2000,4
199085,brave+2012,2
13255,magic+trip+2011,4
284197,gardens+of+the+night+2008,3
142260,gung+ho+1943,4
249162,the+man+from+nowhere+2010,3
221992,exit+humanity+2011,4
100298,the+immortal+story+1968,3
101528,the+state+of+things+1982,4
271644,demons+2+1986,4
217569,news+from+a+personal+war+1999,3
128888,tell+no+one+2006,5
329024,the+hobbit+the+battle+of+the+five+armies+2014,4
298740,terminator+2+judgment+day+1991,5
44290,smooth+talk+1985,3
272026,the+odd+couple+1968,4
90992,interstellar+2014,3
52188,prick+up+your+ears+1987,4
323797,pathetic+fallacy+1958,4
230565,ponyo+2008,4
188184,die+hard+1988,3
176221,the+godfather+1972,4
231365,honey+2010,4
141349,buffalo+bill+1943,2
53547,my+favorite+brunette+1947,4
78939,another+day_+another+time+celebrating+the+music+of+inside+llewyn+davis+2013,4
344446,dragon+eyes+2012,4
78489,rapid+fire+1992,3
199140,from+the+terrace+1960,3
110429,black+orpheus+1959,4
275743,mr.+lucky+1943,3
316440,thief+1981,2
206050,garden+state+2004,4
303630,the+chemical+brothers+dont+think+2012,3
346624,the+connection+2014,3
27152,stockholm+stories+2013,3
286071,the+fuller+brush+girl+1950,3
282567,alice+in+wonderland+1951,4
144982,vlad+the+impaler+the+true+life+of+dracula+1979,4
263070,leon+the+professional+1994,4
251395,nobody+else+but+you+2011,3
29184,salvatore+giuliano+1962,4
166156,children+of+paradise+1945,5
153230,the+avengers+2012,3
350240,the+naked+gun+2+the+smell+of+fear+1991,4
288036,clip+2012,3
264940,it+follows+2015,3
521,air+raid+wardens+1943,3
159361,nightwatching+2007,3
101982,beauty+and+the+beast+1991,4
270272,the+godfather+part+iii+1990,3
138060,spirited+away+2001,4
28046,the+tin+drum+1979,4
76734,melvin+goes+to+dinner+2003,3
13219,george++a.j.+2009,3
296977,no+deposit_+no+return+1976,3
346331,big+hero+6+2014,4
318473,citizenfour+2014,5
282607,the+competition+1980,4
261321,ushpizin+2004,3
113676,girls+just+want+to+have+fun+1985,3
107107,the+invisible+woman+2009,3
105935,mother+india+1957,5
207746,his+name+was+jason+30+years+of+friday+the+13th+2009,3
1396,come+and+see+1985,4
253041,priest+1994,3
35725,stormheart+2008,4
94896,dracula+3d+2012,3
98287,meetin+wa+1986,4
22954,the+wolf+of+wall+street+2013,5
174485,aladdin+1992,4
234785,fury+2014,5
259217,hum+tum+2004,4
72482,high+noon+1952,3
5334,in+america+2003,5
75208,dirty+pictures+2000,3
160823,the+incredibles+2004,5
170652,pirates+of+the+caribbean+at+worlds+end+2007,4
282783,our+man+in+havana+1959,3
306536,mrs+brown+1997,4
57372,old+school+2003,4
53325,from+time+to+time+2009,3
172161,die+hard+1988,5
132101,ben-hur+1959,5
74720,blade+runner+1982,4
128091,222+2008,3
281159,bombn+the+dog+2004,4
147515,the+hunger+games+mockingjay+-+part+1+2014,4
120463,36th+precinct+2004,4
189095,fun++fancy+free+1947,5
113437,alpha+and+omega+3+the+great+wolf+games+2014,4
163538,mesrine+public+enemy+1+2008,4
348815,tomorrow+night+1998,4
256919,stand+by+for+action+1942,3
19183,bears+2014,4
209101,leon+the+professional+1994,4
147667,the+man+who+knew+too+much+1956,3
63686,dinner+at+eight+1933,4
92927,opening+night+1977,5
301842,inception+2010,4
91395,living+proof+2008,4
61481,shattered+glass+2003,3
41177,a+touch+of+sin+2013,3
234002,x-men+days+of+future+past+2014,3
132028,the+hobbit+an+unexpected+journey+2012,4
6819,how+to+train+your+dragon+2010,4
177447,the+shawshank+redemption+1994,5
204939,fog+over+frisco+1934,4
206262,transformers+2007,3
259874,strange+days+1995,3
188108,snow+angels+2008,3
138584,the+man+with+the+golden+gun+1974,4
343511,hippie+masala+-+forever+in+india+2006,3
69507,the+forbidden+kingdom+2008,3
288317,maleficent+2014,3
228867,mysterious+skin+2004,5
84716,interstellar+2014,5
289134,biutiful+2010,4
196384,nausica+of+the+valley+of+the+wind+1984,4
196783,stonehearst+asylum+2014,4
32207,aparajito+1956,4
58462,ong-bak+the+thai+warrior+2003,3
292369,little+miss+sunshine+2006,4
179239,the+andromeda+strain+1971,5
275142,sexy+baby+2012,3
159968,se7en+1995,4
348200,walle+2008,4
57361,megamind+2010,4
191991,willy+wonka++the+chocolate+factory+1971,4
307791,rush+beyond+the+lighted+stage+2010,3
301537,the+shawshank+redemption+1994,4
171633,gattaca+1997,2
58668,o+amor+natural+1996,3
178321,back+to+the+future+1985,5
193773,the+strawberry+statement+1970,4
162856,toy+story+2+1999,5
75369,strange+invaders+2002,4
7916,the+point+1971,3
109980,how+to+train+your+dragon+2+2014,4
21849,dracula+1931,4
84141,pain++gain+2013,3
226788,hugo+2011,3
134815,the+lord+of+the+rings+the+two+towters+2002,5
283640,tyson+2008,4
48322,demolition+man+1993,3
154724,the+lion+king+2+simbas+pride+1998,3
136474,saving+general+yang+2013,4
282190,a+woman+under+the+influence+1974,4
331874,the+incredible+hulk+2008,4
247258,a+late+quartet+2012,4
330900,harry+potter+and+the+order+of+the+phoenix+2007,5
339884,bar+girls+1994,3
226957,the+postman+1994,3
174194,the+deer+hunter+1978,4
133027,the+lord+of+the+rings+the+two+towers+2002,4
175606,dr.+mabuse_+the+gambler+1922,4
303745,the+derby+stallion+2005,4
62096,starlift+1951,4
203434,fort+apache_+the+bronx+1981,4
348663,ballet+shoes+2008,3
205554,arthur+newman+2012,3
5912,the+man+in+the+moon+1991,4
306643,august+osage+county+2013,4
328261,come+drink+with+me+1966,4
272040,havana+1990,4
247020,men+with+guns+1997,4
16885,batman+mask+of+the+phantasm+1993,4
56517,x+2010,4
36595,raiders+of+the+lost+ark+-+the+adaptation+1989,4
286517,the+lord+of+the+rings+the+fellowship+of+the+ring+2001,4
102503,lady+and+the+tramp+1955,4
150945,veronika+decides+to+die+2009,3
248137,inglourious+basterds+2009,3
48937,videocracy+2009,3
263143,my+fathers+glory+1990,5
138012,interstellar+2014,3
106602,fearless+2006,5
258074,innerspace+1987,5
82528,bon+cop+bad+cop+2006,3
158723,grassroots+2012,4
189349,ratatouille+2007,4
178546,close+your+eyes+2002,4
214270,gandhi+1982,5
193042,gentlemans+agreement+1947,3
185629,grande+cole+2004,3
263951,the+dark+knight+2008,4
110216,tracers+2015,4
167559,the+ballad+of+narayama+1983,4
127624,the+night+visitor+1971,4
88592,american+pie+1999,4
242811,snow+white+and+the+seven+dwarfs+1937,3
176463,whisper+of+the+heart+1995,4
214546,the+door+in+the+floor+2004,3
39877,the+great+debaters+2007,4
132905,tarzan+1999,3
61655,the+sand+pebbles+1966,3
63602,monty+python+and+the+holy+grail+1975,5
152598,the+legend+of+the+swordsman+1992,3
300521,saving+private+ryan+1998,5
315599,star+wars+episode+i+-+the+phantom+menace+1999,4
216106,bananaz+2008,3
49949,house+1977,4
303074,dreamgirls+2006,3
172789,blind+dating+2006,3
275706,indiana+jones+and+the+temple+of+doom+1984,4
314828,seven+sinners+1940,3
202084,balzac+and+the+little+chinese+seamstress+2002,4
1366,how+to+train+your+dragon+2010,3
285593,ice+age+2002,4
115030,wake+up_+ron+burgundy+the+lost+movie+2004,3
271401,yojimbo+1961,4
86371,virginia+2010,3
281113,ragnarok+2013,3
144361,the+bone+snatcher+2003,3
179547,spirited+away+2001,4
345830,the+young+master+1980,4
86655,wisdom+1986,4
14228,philanthropy+2002,5
190385,leon+the+professional+1994,5
11259,the+shining+1980,4
88157,dear+zachary+a+letter+to+a+son+about+his+father+2008,4
344046,taxi+1998,3
162446,best+boy+1979,5
39708,four+flies+on+grey+velvet+1971,2
168348,i_+robot+2004,3
345184,jean+gentil+2012,5
20836,blue+spring+2001,3
43546,moonlight+serenade+2009,4
255270,greedy+1994,3
54870,the+trip+to+bountiful+1985,4
305988,pauline+at+the+beach+1983,4
199266,calvary+2014,3
236717,quatsch+und+die+nasenbrbande+2014,3
135767,avatar+2009,3
152483,big+eyes+2014,4
327931,apollo+13+1995,5
50534,ducktales+the+movie+-+treasure+of+the+lost+lamp+1990,3
212829,one+hundred+and+one+dalmatians+1961,4
218949,apollo+13+1995,5
313445,all+passion+spent+1986,2
190052,the+secret+world+of+arrietty+2010,4
56774,mischief+1985,3
350053,saving+private+ryan+1998,4
5311,toy+story+2+1999,5
94588,nightcrawler+2014,4
197202,the+thrill+of+brazil+1946,4
33393,dr.+no+1962,4
73893,mr.+smith+goes+to+washington+1939,4
146008,the+young+poisoners+handbook+1995,3
148914,all+the+presidents+men+1976,5
309060,wake+up_+ron+burgundy+the+lost+movie+2004,3
323210,the+lord+of+the+rings+the+return+of+the+king+2003,5
302959,walle+2008,4
135922,blow-up+1966,5
200719,the+shining+1980,4
120349,my+father+the+hero+1991,3
134600,the+sentimental+swordsman+1977,5
107780,tangled+2010,4
247901,tension+1949,3
131398,pacific+heights+1990,3
26089,harry+potter+and+the+prisoner+of+azkaban+2004,5
48505,so+long+letty+1929,4
215785,the+dark+knight+2008,5
132792,harry+potter+and+the+deathly+hallows+part+2+2011,4
229402,howls+moving+castle+2004,5
327490,despicable+me+2+2013,4
275793,the+plot+against+harry+1989,4
306970,nob+hill+1945,3
266224,the+wanderers+1979,5
266439,chappie+2015,3
276674,cheyenne+autumn+1964,3
316039,the+spongebob+movie+sponge+out+of+water+2015,3
8144,the+stars+will+tell_+inspector+palmu+1962,4
220907,victorvictoria+1982,3
167532,field+of+dreams+1989,4
335142,monsieur+ibrahim+2003,3
40955,kings+of+pastry+2009,3
253421,the+haunted+world+of+el+superbeasto+2009,4
78054,anchors+aweigh+1945,4
236513,attenberg+2010,4
326197,gattaca+1997,3
22432,kill+bill+vol.+1+2003,4
190128,scarlet+street+1945,5
313344,the+next+three+days+2010,4
212136,the+shawshank+redemption+1994,5
297841,sunshine+2007,3
315943,pups+1999,3
99813,yesterday_+today+and+tomorrow+1963,2
74875,the+hobbit+the+battle+of+the+five+armies+2014,4
303589,harry+potter+and+the+chamber+of+secrets+2002,5
150125,one+hundred+and+one+dalmatians+1961,3
143171,evil+roy+slade+1972,4
45405,passion+2012,3
316709,the+kings+of+summer+2013,4
277294,one+wonderful+sunday+1947,3
18695,our+music+2004,3
327608,proxy+2013,5
204534,the+legend+of+bloody+jack+2007,2
178381,am1200+2008,3
295562,harry+potter+and+the+philosophers+stone+2001,4
235929,84+charing+cross+road+1987,4
298460,interstellar+2014,4
95079,avalon+1990,5
252020,the+protector+1985,4
176847,megamind+2010,2
301328,saving+private+ryan+1998,3
236573,captain+phillips+2013,5
264715,girls+just+want+to+have+fun+1985,3
252423,my+neighbor+totoro+1988,4
117692,enron+the+smartest+guys+in+the+room+2005,4
348130,akira+1988,4
217496,bruce+almighty+2003,4
76582,the+man+who+knew+too+much+1956,5
106335,a+pigeon+sat+on+a+branch+reflecting+on+existence+2014,4
341898,the+little+mermaid+1989,4
181747,monsters_+inc.+2001,4
154600,the+jewel+of+the+nile+1985,4
279638,the+black+waters+of+echos+pond+2009,3
260819,a+limousine+the+colour+of+midsummers+eve+1981,5
298312,chasing+ice+2012,3
133098,gattaca+1997,3
201409,deep+crimson+1996,5
324932,ice+age+a+mammoth+christmas+2011,4
344199,murderball+2005,3
288490,pyaasa+1957,4
66408,the+hobbit+an+unexpected+journey+2012,5
45832,failure+to+launch+2006,2
200640,bruce+almighty+2003,3
292511,broadway+1929,5
139578,lady+and+the+tramp+1955,3
100455,back+to+the+future+1985,3
305226,in+order+of+disappearance+2014,3
106701,the+green+mile+1999,4
231774,pelle+the+conqueror+1987,3
93243,stalag+17+1953,5
159256,apollo+13+1995,4
125524,nowhere+in+africa+2001,4
235477,dreams+on+spec+2007,4
352009,hercules+1997,4
84770,the+necessities+of+life+2008,4
132295,respiro+2002,4
22125,what+time+is+it+there+2001,4
263333,harry+potter+and+the+philosophers+stone+2001,4
63512,the+river+murders+2011,3
263125,the+executioner+1963,3
79667,dont+worry_+im+fine+2006,3
72089,forbidden+planet+1956,3
49620,goodfellas+1990,4
332529,the+court+jester+1955,4
160796,dead+kids+1981,4
275203,seven+psychopaths+2012,3
251195,for+a+good+time_+call...+2012,3
315086,arn+the+kingdom+at+roads+end+2008,3
26300,clo+from+5+to+7+1962,4
58127,deadheads+2011,2
131043,the+dark+knight+rises+2012,4
271179,the+dark+knight+2008,5
74470,pulp+fiction+1994,5
150865,seven+minutes+2009,4
248235,mister+roberts+1955,4
134031,before+midnight+2013,5
256676,harry+potter+and+the+prisoner+of+azkaban+2004,3
16097,seven+samurai+1954,5
213594,club+dread+2004,2
108813,temptation+confessions+of+a+marriage+counselor+2013,4
352035,the+cranes+are+flying+1957,4
348105,fun+size+2012,2
142118,the+dark+knight+rises+2012,4
66257,swing+time+1936,4
227560,charlie+browns+christmas+tales+2002,4
335411,fear+1990,4
70485,up+1976,3
188734,over+your+dead+body+2014,4
326465,monty+python+-+almost+the+truth+the+lawyers+cut+2009,4
255675,revolutionary+road+2008,3
305310,star+wars+1977,4
144309,ten+minutes+older+the+trumpet+2002,4
213361,harry+potter+and+the+deathly+hallows+part+1+2010,3
106400,no+direction+home+bob+dylan+2005,4
348321,to+die+for+1995,3
148315,nosferatu+the+vampyre+1979,4
2023,rec+apocalypse+2014,3
336941,the+christmas+party+1996,3
211318,constantine+2005,4
207896,tae+guk+gi+the+brotherhood+of+war+2004,3
122605,one+flew+over+the+cuckoos+nest+1975,4
231802,horror+express+1972,4
224767,the+terminator+1984,3
176043,graveyard+of+honor+2002,4
83959,live+free+or+die+hard+2007,3
209899,cast+away+2000,5
331657,kill+bill+vol.+1+2003,5
221182,the+afternoon+of+a+torturer+2001,4
303976,howls+moving+castle+2004,4
193535,porco+rosso+1992,4
56249,the+day+of+the+jackal+1973,5
219278,it+follows+2015,4
295221,samsara+2011,4
3458,shrek+2001,4
32332,harry+potter+and+the+deathly+hallows+part+2+2011,3
126154,elling+2001,4
194777,bill+bailey+qualmpeddler+2013,4
135523,the+amazing+spider-man+2012,4
259026,the+golden+voyage+of+sinbad+1973,3
233744,ratatouille+2007,3
241237,the+secret+world+of+arrietty+2010,4
38515,crows+zero+ii+2009,3
104288,a+serious+man+2009,3
345768,the+inheritance+1962,3
33873,harry+potter+and+the+half-blood+prince+2009,3
132059,ned+kelly+2003,3
167523,the+locals+2003,3
163855,taking+off+1971,5
196842,the+land+before+time+vii+the+stone+of+cold+fire+2000,4
92932,dragon+ball+z+bojack+unbound+1993,3
272491,this+is+the+end+2013,3
55834,avatar+2009,4
117221,iron+man+2008,4
281946,maleficent+2014,3
169614,capturing+the+friedmans+2003,4
156082,to+kill+a+mockingbird+1962,4
282462,a+tale+of+two+sisters+2003,5
343853,waterland+1992,3
148754,red+canyon+2008,5
180924,the+return+of+jafar+1994,4
234193,don+quixote+2000,4
163483,the+mysterious+island+1929,4
73026,involuntary+2008,4
235092,tropical+fish+1995,4
306944,the+wind+will+carry+us+1999,4
321807,reservoir+dogs+1992,4
274905,the+great+ka+train+robbery+1926,4
105143,nana_+the+true+key+of+pleasure+1983,3
223440,crossroads+1986,3
187380,wartorn+1861-2010+2010,4
113561,amistad+1997,3
87361,reindeer+games+2000,2
246834,sleeping+beauty+1959,4
87021,nina+frisk+2007,4
346229,philanthropy+2002,4
225551,widows+peak+1994,3
226479,merry+christmas_+mr.+lawrence+1983,3
251790,for+whom+the+bell+tolls+1943,3
297753,the+hunt+2012,4
308324,shoot+em+up+2007,4
271765,up+2009,4
265413,shes+out+of+my+league+2010,4
164191,my+way+2011,4
298293,harry+potter+and+the+half-blood+prince+2009,4
146393,monsters_+inc.+2001,5
209510,the+living+dead+at+manchester+morgue+1974,4
288415,el+dorado+1988,3
18511,tracers+2015,3
222823,hairspray+2007,3
341433,notorious+1946,4
23148,what+about+bob+1991,3
268866,the+carpenter+1988,4
335105,golden+christmas+2+2011,4
191000,the+incredibles+2004,5
54663,the+hunger+games+mockingjay+-+part+1+2014,4
146365,the+liar+1981,4
286279,leon+the+professional+1994,4
101992,the+lord+of+the+rings+the+fellowship+of+the+ring+2001,3
167430,the+heavy+2010,3
169903,beyond+the+fear+2014,5
318171,predator+1987,4
285424,place+vendome+1998,4
76117,maleficent+2014,4
110590,2001+a+space+odyssey+1968,5
122136,ice+princess+2005,4
77735,indiana+jones+and+the+last+crusade+1989,5
58956,wild+gals+of+the+naked+west+1962,4
154421,the+paper+chase+1973,4
167212,simon+of+the+desert+1965,4
190130,star+wars+1977,4
249804,cinderella+1950,4
213605,the+shawshank+redemption+1994,5
190098,the+hidden+face+2011,4
302178,goodfellas+1990,4
252607,fantastic+mr.+fox+2009,3
317689,i+knew+it+was+you+rediscovering+john+cazale+2009,5
76664,lady+liberty+1971,3
221207,mickey_+donald_+goofy+the+three+musketeers+2004,4
61009,spring+is+here+1930,4
53673,the+white+haired+witch+of+lunar+kingdom+2014,3
283465,lampaansyjt+1972,4
112307,the+chemical+brothers+dont+think+2012,4
329132,branded+1950,3
287407,pitch+black+2000,4
177125,fail+safe+2000,3
197397,i_+robot+2004,3
75739,the+sons+room+2001,4
67453,the+kindred+1987,3
35133,up+2009,4
91181,lust_+caution+2007,3
1523,everything+relative+1996,3
319847,sal_+or+the+120+days+of+sodom+1975,3
104552,kandukondain+kandukondain+2000,4
123694,the+youngest+profession+1943,4
143233,divergent+2014,5
201225,the+dark+knight+2008,4
209049,the+rainmaker+1956,4
144029,patton+1970,4
334088,the+birdcage+1996,4
134740,star+wars+1977,4
236768,vice+2015,2
243820,guardians+of+the+galaxy+2014,3
189801,three+colors+white+1994,3
168425,against+all+odds+1984,4
242983,what+no+one+knows+2008,4
201784,the+chronicles+of+narnia+the+lion_+the+witch+and+the+wardrobe+2005,3
87104,ghostbusters+1984,2
326243,pulp+fiction+1994,5
215633,leon+the+professional+1994,5
231579,gone+girl+2014,4
308965,young+frankenstein+1974,2
339380,frankenstein+1931,4
156631,wit+2001,5
261764,my+neighbor+totoro+1988,4
39638,riding+in+cars+with+boys+2001,3
221516,star+wars+1977,3
28680,the+purple+gang+1959,3
205343,die+hard+1988,4
270388,fur+an+imaginary+portrait+of+diane+arbus+2006,3
218716,the+aristocats+1970,3
26998,the+avengers+2012,5
47327,a+deeper+shade+of+blue+2011,3
298892,star+wars+1977,3
252299,the+flight+that+fought+back+2004,2
261244,patton+oswalt+no+reason+to+complain+2006,3
184211,rivers+edge+1986,4
328603,can+go+through+skin+2009,3
129763,fight+club+1999,4
10205,the+best+years+of+our+lives+1946,4
115852,hangar+18+1980,3
351173,the+princess+and+the+frog+2009,3
294736,shutter+island+2010,3
6432,whisper+of+the+heart+1995,4
345788,betty+blue+1986,3
139057,close+encounters+of+the+third+kind+1977,4
6785,nightcrawler+2014,4
318566,the+hound+of+the+baskervilles+2000,4
156917,winnebago+man+2009,2
65695,wreck-it+ralph+2012,4
186833,harry+potter+and+the+philosophers+stone+2001,3
280607,wasabi+2001,5
8580,all+the+presidents+men+1976,5
106529,alien+1979,4
24195,kingsman+the+secret+service+2015,4
343198,two+for+the+seesaw+1962,4
134142,wyatt+earps+revenge+2012,3
40153,forrest+gump+1994,4
53317,autumn+sonata+1978,5
224083,ordinary+people+1980,5
191944,monsters_+inc.+2001,5
165477,berserk+the+golden+age+arc+3+-+the+advent+2013,3
322454,casino+1995,4
80362,double+trouble+1984,3
237984,high+society+1956,4
344068,death+note+the+last+name+2006,4
e200330,kumail+nanjiani+beta+male+2013,3
161327,the+adventures+of+tintin+2011,3
260929,dumbo+1941,4
133340,james+dean+2001,3
39130,willard+2003,2
207120,10+minutes+2002,4
325088,harry+potter+and+the+deathly+hallows+part+2+2011,4
106735,cinderella+2015,4
142612,eye+in+the+sky+2007,3
149703,the+matrix+1999,4
86040,the+curse+of+the+were-rabbit+2005,4
10050,the+chronicles+of+narnia+the+lion_+the+witch+and+the+wardrobe+2005,3
231306,princess+mononoke+1997,4
85466,vicky+cristina+barcelona+2008,3
43829,tinker+bell+and+the+lost+treasure+2009,3
17041,my+summer+of+love+2004,3
79068,the+guitar+2008,3
37661,5050+2011,4
220891,spring+breakdown+2009,3
23905,age+of+the+dragons+2011,4
264647,black+book+2006,4
166028,steel+magnolias+1989,3
88597,garden+lovers+2014,4
170537,sherlock_+jr.+1924,4
350145,odd+obsession+1959,3
298069,geronimo+an+american+legend+1993,4
259184,people+will+talk+1951,3
131154,caf+de+flore+2011,5
131134,woman+in+love+2011,3
344059,watchmen+2009,3
273684,argo+2012,3
350790,apollo+13+1995,3
48877,psycho+1960,5
210214,gattaca+1997,4
337208,quills+2000,4
95824,babbitt+1934,4
339553,shrek+2001,5
281544,written+on+the+wind+1956,4
346095,the+shawshank+redemption+1994,4
168865,the+philadelphia+experiment+1984,2
231232,the+assassination+of+jesse+james+by+the+coward+robert+ford+2007,3
112709,harry+potter+and+the+prisoner+of+azkaban+2004,3
163199,spirited+away+2001,4
39363,stuck+in+love+2012,4
329888,the+general+1998,2
26117,shakti+the+power+2002,3
3818,the+shawshank+redemption+1994,5
40385,the+lord+of+the+rings+the+two+towers+2002,4
185531,act+da+fool+2010,2
262787,bill+hicks+revelations+1993,4
17297,facing+ali+2009,4
314533,raiders+of+the+lost+ark+1981,4
167876,lightning+bug+2004,3
62110,megamind+2010,4
155820,terminator+2+judgment+day+1991,4
178396,howls+moving+castle+2004,4
177736,solaris+1972,4
235304,ill+see+you+in+my+dreams+2015,4
289228,a+short+history+of+decay+2014,4
137187,the+dirty+dozen+1967,3
337291,cinderella+1950,3
45998,lady+and+the+tramp+1955,3
151601,the+last+unicorn+1982,4
115344,blade+runner+1982,5
68692,10+things+i+hate+about+you+1999,4
267715,rich_+young+and+pretty+1951,3
56527,evil+2003,4
212605,pirates+of+the+caribbean+on+stranger+tides+2011,4
209629,mulan+1998,4
96418,bad+words+2013,3
224743,revenge+for+jolly+2012,3
248933,here+without+me+2011,4
61696,guardians+of+the+galaxy+2014,5
238739,toy+story+2+1999,4
177911,star+wars+1977,4
21477,whiplash+2014,2
69106,hotel+chevalier+2007,3
93140,i_+robot+2004,3
226446,up+2009,4
214596,crazed+fruit+1956,4
18914,reign+over+me+2007,2
218782,the+longest+yard+1974,4
139146,robots+2005,3
52451,the+horribly+slow+murderer+with+the+extremely+inefficient+weapon+2008,4
197113,real+steel+2011,4
182012,cold+mountain+2003,4
234713,man+on+the+moon+1999,4
260562,rome_+open+city+1945,4
27624,gattaca+1997,4
248198,robinson+crusoe+on+mars+1964,3
250556,city+slickers+ii+the+legend+of+curlys+gold+1994,3
272672,saving+private+ryan+1998,5
18628,the+dark+knight+rises+2012,4
86287,the+flaw+2011,4
207839,the+poker+house+2008,5
199748,for+love+or+country+the+arturo+sandoval+story+2000,3
146144,underground+the+julian+assange+story+2012,3
302895,whisper+of+the+heart+1995,4
56637,the+inbetweeners+movie+2011,3
111371,people+like+us+2012,4
132796,the+sword+in+the+stone+1963,3
351409,sexual+predator+2001,3
310944,the+cutting+edge+1992,3
140662,bachelor+party+vegas+2006,3
246889,10+things+i+hate+about+you+1999,4
228806,davy+crockett_+king+of+the+wild+frontier+1955,4
118232,green+zone+2010,4
63992,teenage+paparazzo+2010,4
304229,lower+city+2005,4
80836,i+killed+my+mother+2009,3
156118,harry+potter+and+the+chamber+of+secrets+2002,4
90413,aguirre+the+wrath+of+god+1972,4
22607,vice+2015,3
68644,one+flew+over+the+cuckoos+nest+1975,3
16919,ugetsu+1953,4
98499,inception+2010,5
160069,gendernauts+a+journey+through+shifting+identities+1999,5
207845,neon+genesis+evangelion+death+and+rebirth+1997,5
142684,doc+of+the+dead+2014,4
114720,men+in+black+1997,4
232503,pirates+of+the+caribbean+at+worlds+end+2007,5
305166,woman+of+the+year+1942,3
38671,102+minutes+that+changed+america+2008,4
112868,the+necessities+of+life+2008,4
18,whiplash+2014,4
334849,silent+action+1975,3
343618,white+night+wedding+2008,4
312965,riddick+2013,3
40184,nebraska+2013,3
113901,solomon+kane+2009,3
347982,ill+be+seeing+you+1944,4
54642,fever+1991,3
86387,cinderella+1950,4
89788,turn+me+on_+dammit+2011,4
227433,get+him+to+the+greek+2010,3
24342,the+lord+of+the+rings+the+return+of+the+king+2003,5
147841,dixie+chicks+shut+up+and+sing+2006,4
244080,iron+man+2008,4
125472,today+2013,3
256729,drunken+angel+1948,3
81386,the+man+who+shot+liberty+valance+1962,3
346047,cheeky+2000,4
14675,flight+of+the+living+dead+outbreak+on+a+plane+2007,3
117037,black+hawk+down+2001,3
52080,the+desert+fox+the+story+of+rommel+1951,4
205702,filming+othello+1978,3
220710,the+avengers+2012,4
67503,into+the+woods+2014,3
92416,a+dogs+will+2000,5
81965,,
214662,shooting+fish+1997,4
87471,leprechaun+origins+2014,4
77218,the+lion+king+1994,3
152967,geronimo+an+american+legend+1993,3
300381,the+adonis+factor+2010,3
264826,normal+2003,4
345723,the+lord+of+the+rings+the+two+towers+2002,4
43286,harry+potter+and+the+deathly+hallows+part+2+2011,3
82565,the+mambo+kings+1992,3
311856,all+quiet+on+the+western+front+1979,3
39698,the+ninth+gate+1999,4
188902,the+curse+of+the+were-rabbit+2005,4
53445,nosferatu+the+vampyre+1979,3
22705,stray+cat+rock+delinquent+girl+boss+1970,4
222528,courageous+2011,5
184091,malta+g.c.+1942,3
162000,strange+circus+2005,3
332215,spirited+away+2001,4
97864,the+day+the+earth+stood+still+1951,4
45480,opening+night+1977,2
338145,manta_+manta+1991,3
309575,hillbillys+in+a+haunted+house+1967,4
172667,despicable+me+2+2013,4
124774,the+muppet+musicians+of+bremen+1972,4
314323,lifted+2006,4
332306,terminator+2+judgment+day+1991,4
289862,the+boy+in+the+striped+pyjamas+2008,4
329791,stuart+little+1999,3
90002,death+to+smoochy+2002,4
128865,la+bte+humaine+1938,5
341169,the+stuff+1985,4
245462,national+lampoons+christmas+vacation+1989,4
160926,the+lord+of+the+rings+the+fellowship+of+the+ring+2001,4
245047,in+her+shoes+2005,4
64446,year+of+the+dog+2007,3
213295,penguins+of+madagascar+2014,3
122836,nothing+to+declare+2010,4
102878,once+upon+a+time+in+china+iii+1993,4
156645,the+spanish+main+1945,4
70034,poultrygeist+night+of+the+chicken+dead+2006,3
140169,full+eclipse+1993,5
98949,choose+me+1984,4
99115,tokyo+godfathers+2003,4
90706,the+architect+2006,4
319975,goldene+zeiten+2006,4
177269,too+much+sleep+1997,4
113654,the+secret+policemans+other+ball+1982,4
233132,sweet+home+1989,4
309795,street+trash+1987,4
74463,the+final+cut+1996,3
60691,brother+bear+2+2006,3
217032,the+thieves+2012,4
140333,interstate+60+2002,5
179422,wreck-it+ralph+2012,4
231610,the+third+man+1949,4
339568,gone+girl+2014,4
314774,gnomeo++juliet+2011,4
330134,the+caretakers+1963,3
334890,henry+v+1989,4
307910,grey+gardens+2009,4
218774,from+hell+2001,4
12997,minority+report+2002,5
260230,unfaithfully+yours+1948,4
59305,tonight+and+every+night+1945,3
126249,enchanted+2007,5
170508,whisper+of+the+heart+1995,4
17472,interstellar+2014,2
282617,the+dark+knight+rises+2012,4
224856,sacred+heart+2005,4
123035,pierrepoint+the+last+hangman+2005,5
15772,the+spongebob+squarepants+movie+2004,3
254737,dog+day+afternoon+1975,3
142979,the+shining+1980,5
237582,the+lion+king+1994,2
187419,red+sorghum+1987,3
169681,v+1983,3
174141,waiting+for+guffman+1996,4
238064,sgt.+kabukiman+n.y.p.d.+1991,3
48057,1612+chronicles+of+the+dark+time+2007,3
18544,shadows+in+paradise+1986,5
244309,the+last+journey+1936,2
275109,scoop+2006,4
350405,the+killing+fields+1984,4
102325,three+days+2008,3
248696,heat+1995,4
341765,brave+2012,4
329050,se7en+1995,5
349305,charlie+chan+at+the+wax+museum+1940,3
40234,the+constant+gardener+2005,4
6399,wesley+willis+the+daddy+of+rock+n+roll+2003,3
121226,bambi+1942,3
237896,teenage+mutant+ninja+turtles+iii+1993,3
267382,garden+state+2004,3
19181,what+happens+in+vegas+2008,3
121841,alice+2005,4
71281,raiders+of+the+lost+ark+1981,3
117316,kids+in+the+hall+brain+candy+1996,5
125430,malice+in+wonderland+2009,3
150491,mad+max+1979,3
12124,harry+potter+and+the+goblet+of+fire+2005,5
325784,the+tall+t+1957,4
166019,the+pick-up+artist+1987,3
279161,inception+2010,5
105395,the+road+2009,4
133964,imagine+john+lennon+1988,5
61785,the+woman+who+drinks+2001,4
87580,the+terminator+1984,5
312948,you+killed+me+first+1985,4
67104,a+story+of+floating+weeds+1934,4
182396,fatty+drives+the+bus+1999,3
168074,his+girl+friday+1940,4
49701,seventh+son+2014,2
83016,the+sword+in+the+stone+1963,4
180811,aladdin+1992,4
67745,psycho+1960,3
288192,the+discovery+of+heaven+2001,4
45552,the+pawnbroker+1965,4
165830,raiders+of+the+lost+ark+1981,5
222431,death+of+a+cyclist+1955,3
126135,back+to+the+future+1985,4
21065,the+book+thief+2013,3
22947,the+chair+2007,3
209043,my+fhrer+2007,4
227145,babylon+5+thirdspace+1998,4
232521,charlie+and+the+chocolate+factory+2005,4
268105,common+wealth+2000,5
25146,dr.+no+1962,3
148605,the+brass+teapot+2012,3
123688,crook+2004,4
86764,whos+that+knocking+at+my+door+1967,4
185915,toy+story+3+2010,5
61778,the+hunchback+of+notre+dame+1996,3
173081,an+innocent+affair+1948,3
248323,akira+1988,4
94545,frozen+2013,3
341754,you+are+so+beautiful+2005,4
198097,toy+story+2+1999,5
100711,the+betrayed+2008,2
128011,dead+snow+2+red+vs.+dead+2014,3
199289,whale+rider+2003,4
48954,hedwig+and+the+angry+inch+2001,3
103092,withnail++i+1987,3
38741,passion+of+love+1981,4
146830,the+little+devil+1988,4
8350,dial+m+for+murder+1954,2
160769,barefoot+gen+1983,2
253393,rising+sun+1993,3
79397,monster+2008,4
154708,the+bourne+ultimatum+2007,4
87390,the+last+five+years+2014,3
202547,october+sky+1999,4
348942,songwriter+1984,4
32060,some+folks+call+it+a+sling+blade+1994,5
192298,once+upon+a+time+in+china+ii+1992,3
268797,margaret+cho+assassin+2005,4
26663,caramel+2007,4
102504,indiana+jones+and+the+last+crusade+1989,3
288566,leap+of+faith+1992,3
145445,the+pope+of+greenwich+village+1984,4
243910,tracers+2015,4
271703,between+the+folds+2008,3
123858,harry+potter+and+the+half-blood+prince+2009,4
10736,eat+pray+love+2010,3
146081,two+days_+one+night+2014,3
117504,don+jon+2013,4
346942,leon+the+professional+1994,5
301808,maleficent+2014,3
70322,novocaine+2001,4
275332,evil+dead+2013,3
344029,whiplash+2014,3
48513,the+ice+storm+1997,5
188184,apartment+zero+1988,4
170020,three+colors+red+1994,3
310152,how+to+train+your+dragon+2+2014,4
302031,the+change-up+2011,5
23781,bachelor+party+vegas+2006,5
65408,back+to+the+future+1985,4
109398,small+town+girl+1953,4
253820,fury+2014,4
29143,battleship+potemkin+1925,5
1751,kwaidan+1964,3
29003,grass+1999,4
122160,in+the+loop+2009,4
40177,the+gallant+hours+1960,3
11326,serenity+2005,5
208288,children+of+a+lesser+god+1986,5
96123,the+odd+couple+1979,4
70093,eddie+izzard+dress+to+kill+1999,4
75569,warrior+2011,3
79024,awesome+i+fuckin+shot+that+2006,4
163753,dont+be+a+menace+to+south+central+while+drinking+your+juice+in+the+hood+1996,3
250109,w.e.+2011,4
43176,the+italian+straw+hat+1928,3
310870,home+alone+1990,3
279882,shutter+2004,3
271171,cesar+and+rosalie+1972,4
242187,the+life+aquatic+with+steve+zissou+2004,3
9574,how+to+train+your+dragon+2+2014,3
128666,dead+ringer+1964,4
320037,the+incredible+hulk+2008,4
314210,the+island+president+2012,4
52979,the+flight+before+christmas+2008,3
257263,reign+over+me+2007,3
204399,suicide+club+2001,3
122435,aguirre+the+wrath+of+god+1972,4
1379,apollo+13+1995,4
203006,coal+miners+daughter+1980,4
9934,the+terminator+1984,5
188481,holding+trevor+2007,3
71453,death+watch+1980,3
274027,my+life+1993,2
319152,gates+of+heaven+1978,3
186851,nausica+of+the+valley+of+the+wind+1984,4
314861,teenage+caveman+2002,3
29797,breaker+morant+1980,3
267584,the+pilgrim+1923,3
56556,the+ring+finger+2005,4
323727,big+hero+6+2014,4
237563,a+countess+from+hong+kong+1967,4
111186,iron+man+2008,4
155335,s21+the+khmer+rouge+death+machine+2003,4
21961,claires+knee+1970,4
120711,the+hamburg+syndrome+1979,4
282931,gone+girl+2014,3
71994,prey+for+rock++roll+2003,5
173680,the+secret+life+of+words+2005,4
181771,the+social+network+2010,4
86156,dark+touch+2013,4
23306,life+of+crime+2013,4
314918,the+long+way+home+1997,3
216281,it+happened+one+night+1934,3
233663,the+gypsy+charmer+1929,3
230460,the+match+king+1932,3
297647,pirates+of+the+caribbean+dead+mans+chest+2006,2
294435,heavy+metal+parking+lot+1986,4
236699,drive+2011,4
323092,the+lord+of+the+rings+the+fellowship+of+the+ring+2001,2
222769,easy+rider+1969,3
206069,magic+1978,4
31278,films+to+keep+you+awake+the+christmas+tale+2005,3
65269,237+2006,4
92719,joe+somebody+2001,2
198769,udaan+2010,4
2818,frequently+asked+questions+about+time+travel+2009,3
100841,paths+of+glory+1957,4
125951,iris+2001,4
252057,nightcrawler+2014,3
136513,the+decameron+1971,4
9863,rebel+without+a+cause+1955,3
186125,apollo+13+1995,5
105678,charlie+and+the+chocolate+factory+2005,2
57499,charlie+and+the+chocolate+factory+2005,5
39974,willy+wonka++the+chocolate+factory+1971,3
271156,die+hard+1988,5
217504,street+of+shame+1956,4
265162,the+red+tent+1969,3
194995,thor+the+dark+world+2013,5
172590,korso+2014,2
234476,pinocchio+1940,3
225950,brake+2012,3
226403,the+last+king+of+scotland+2006,3
124232,the+staircase+2004,4
92943,our+daily+bread+2006,4
147129,the+tale+of+zatichi+1962,4
226367,exit+through+the+gift+shop+2010,3
258265,lone+wolf+and+cub+baby+cart+in+peril+1972,4
204019,if+only+2004,3
285121,cinderella+2015,4
195245,up+2009,4
7089,sal_+or+the+120+days+of+sodom+1975,3
300157,wuthering+heights+1939,5
156529,cotton+comes+to+harlem+1970,3
39403,delicatessen+1991,4
340953,the+mummy+1999,3
283793,sleepaway+camp+1983,2
186274,shouting+fire+stories+from+the+edge+of+free+speech+2009,4
51143,siegfried+2005,3
305363,the+hobbit+an+unexpected+journey+2012,4
76052,oh+blue+fish+island+1977,2
96437,soft+shell+man+2001,3
32784,the+man+who+challenged+the+devil+2007,3
32886,gattaca+1997,4
162143,chained+for+life+1952,3
56450,leon+the+professional+1994,3
203362,the+princess+and+the+frog+2009,3
150066,blackadders+christmas+carol+1988,3
300720,the+lady+vanishes+1938,4
336905,seven+chances+1925,4
342746,cb4+1993,3
201212,british+intelligence+1940,4
87124,leon+the+professional+1994,4
15597,crawlspace+1986,2
1759,fill+the+void+2012,3
328373,edge+of+tomorrow+2014,4
317370,lol+2012,4
14597,guardians+of+the+galaxy+2014,4
220536,the+good+shepherd+2006,3
206229,eva+2011,4
8280,the+kentucky+fried+movie+1977,4
69007,exotica+1994,4
73526,its+a+wonderful+world+1939,4
179195,from+dusk+till+dawn+1996,4
110130,tracers+2015,3
62855,toy+story+2+1999,4
342159,forrest+gump+1994,5
59582,bringing+down+the+house+2003,3
321393,arn+the+knight+templar+2007,3
264617,a+friend+of+the+deceased+1997,4
100059,skellig+2009,3
15608,fight+club+1999,4
346310,no+country+for+old+men+2007,4
256534,the+matrix+1999,5
218314,in+the+realms+of+the+unreal+2004,4
51835,pirates+of+the+caribbean+on+stranger+tides+2011,5
167185,the+lord+of+the+rings+the+return+of+the+king+2003,4
178183,hello+down+there+1969,4
260669,dial+m+for+murder+1954,4
22091,the+leopard+1963,3
35894,von+ryans+express+1965,3
185053,sexo_+amor+e+traio+2004,3
4318,snow+white+and+the+huntsman+2012,2
303922,the+white+massai+2005,3
167213,phantasm+iv+oblivion+1998,2
207901,halloween+is+grinch+night+1977,3
26652,2001+a+space+odyssey+1968,3
253452,the+professionals+1966,3
351685,air+force+1943,4
236496,jeremy+1973,4
347904,spellbound+2002,4
62277,nicholas+nickleby+2002,3
69820,body+fat+index+of+love+2012,3
114887,croupier+1998,4
163833,blood+diamond+2006,3
74935,the+sterile+cuckoo+1969,4
187410,high+school+2010,3
297419,the+raven+2006,4
121185,watchmen+2009,3
198111,the+book+thief+2013,4
132124,four+sided+triangle+1953,4
16994,watchmen+2009,3
29609,all+the+presidents+men+1976,3
237147,the+lord+of+the+rings+the+fellowship+of+the+ring+2001,4
254870,the+empire+strikes+back+1980,4
246171,chain+of+fools+2000,4
15706,a+cry+in+the+wild+1990,4
47174,phar+lap+1983,4
90589,cinderella+2015,3
104135,forrest+gump+1994,5
184861,the+dinosaur+project+2012,3
259348,rob+the+mob+2014,4
45339,khumba+2013,4
290924,frozen+2013,4
86278,the+shawshank+redemption+1994,5
79394,the+godfather+1972,4
218802,throne+of+blood+1957,4
261492,cat+run+2011,4
108276,speedy+1928,4
300193,shrooms+2007,4
236798,addams+family+values+1993,4
315600,nine+queens+2000,4
240336,mesrine+public+enemy+1+2008,3
16756,the+cat+in+the+hat+1971,2
133602,kingsman+the+secret+service+2015,5
40276,2012+time+for+change+2010,4
9630,firecreek+1968,4
10972,the+streetfighter+1974,3
294722,the+ballad+of+narayama+1958,5
